grafo_id,n,p,optimizer,seed,r_final
0,8,1,qiea,0,0.814406
0,8,1,qiea,1,0.813791
0,8,1,qiea,2,0.815042
0,8,1,qiea,3,0.813791
0,8,1,qiea,4,0.814406
0,8,1,qiea,5,0.815042
0,8,1,qiea,6,0.815042
0,8,1,qiea,7,0.815028
0,8,1,qiea,8,0.815042
0,8,1,qiea,9,0.814817
0,8,1,qiea,10,0.814817
0,8,1,qiea,11,0.814817
0,8,1,qiea,12,0.814406
0,8,1,qiea,13,0.815028
0,8,1,qiea,14,0.815042
0,8,1,qiea,15,0.815042
0,8,1,qiea,16,0.815028
0,8,1,qiea,17,0.815042
0,8,1,qiea,18,0.815042
0,8,1,qiea,19,0.814358
0,8,1,cobyla,0,0.815061
0,8,1,cobyla,1,0.815061
0,8,1,cobyla,2,0.815061
0,8,1,cobyla,3,0.815061
0,8,1,cobyla,4,0.815061
0,8,1,cobyla,5,0.815061
0,8,1,cobyla,6,0.815061
0,8,1,cobyla,7,0.815061
0,8,1,cobyla,8,0.815061
0,8,1,cobyla,9,0.815061
0,8,1,cobyla,10,0.815061
0,8,1,cobyla,11,0.815061
0,8,1,cobyla,12,0.6
0,8,1,cobyla,13,0.815061
0,8,1,cobyla,14,0.815061
0,8,1,cobyla,15,0.815061
0,8,1,cobyla,16,0.815061
0,8,1,cobyla,17,0.815061
0,8,1,cobyla,18,0.815061
0,8,1,cobyla,19,0.815061
0,8,1,random,0,0.814821
0,8,1,random,1,0.814981
0,8,1,random,2,0.815057
0,8,1,random,3,0.814934
0,8,1,random,4,0.81446
0,8,1,random,5,0.814172
0,8,1,random,6,0.814629
0,8,1,random,7,0.814211
0,8,1,random,8,0.815031
0,8,1,random,9,0.814934
0,8,1,random,10,0.814586
0,8,1,random,11,0.814827
0,8,1,random,12,0.814901
0,8,1,random,13,0.8149
0,8,1,random,14,0.815011
0,8,1,random,15,0.814557
0,8,1,random,16,0.814275
0,8,1,random,17,0.814893
0,8,1,random,18,0.814892
0,8,1,random,19,0.814407
0,8,1,cobyla_restart,0,0.815061
0,8,1,cobyla_restart,1,0.815061
0,8,1,cobyla_restart,2,0.815061
0,8,1,cobyla_restart,3,0.815061
0,8,1,cobyla_restart,4,0.815061
0,8,1,cobyla_restart,5,0.815061
0,8,1,cobyla_restart,6,0.815061
0,8,1,cobyla_restart,7,0.815061
0,8,1,cobyla_restart,8,0.815061
0,8,1,cobyla_restart,9,0.815061
0,8,1,cobyla_restart,10,0.815061
0,8,1,cobyla_restart,11,0.815061
0,8,1,cobyla_restart,12,0.815061
0,8,1,cobyla_restart,13,0.815061
0,8,1,cobyla_restart,14,0.815061
0,8,1,cobyla_restart,15,0.815061
0,8,1,cobyla_restart,16,0.815061
0,8,1,cobyla_restart,17,0.815061
0,8,1,cobyla_restart,18,0.815061
0,8,1,cobyla_restart,19,0.815061
0,8,2,qiea,0,0.881123
0,8,2,qiea,1,0.875498
0,8,2,qiea,2,0.887885
0,8,2,qiea,3,0.898402
0,8,2,qiea,4,0.890923
0,8,2,qiea,5,0.879138
0,8,2,qiea,6,0.898611
0,8,2,qiea,7,0.890765
0,8,2,qiea,8,0.861959
0,8,2,qiea,9,0.866621
0,8,2,qiea,10,0.898057
0,8,2,qiea,11,0.875438
0,8,2,qiea,12,0.869979
0,8,2,qiea,13,0.889494
0,8,2,qiea,14,0.894702
0,8,2,qiea,15,0.882468
0,8,2,qiea,16,0.872875
0,8,2,qiea,17,0.872619
0,8,2,qiea,18,0.871006
0,8,2,qiea,19,0.895626
0,8,2,cobyla,0,0.871068
0,8,2,cobyla,1,0.891156
0,8,2,cobyla,2,0.898726
0,8,2,cobyla,3,0.898726
0,8,2,cobyla,4,0.898726
0,8,2,cobyla,5,0.871068
0,8,2,cobyla,6,0.871068
0,8,2,cobyla,7,0.891156
0,8,2,cobyla,8,0.891156
0,8,2,cobyla,9,0.871068
0,8,2,cobyla,10,0.898726
0,8,2,cobyla,11,0.898726
0,8,2,cobyla,12,0.891156
0,8,2,cobyla,13,0.898726
0,8,2,cobyla,14,0.891156
0,8,2,cobyla,15,0.891156
0,8,2,cobyla,16,0.891156
0,8,2,cobyla,17,0.871068
0,8,2,cobyla,18,0.871068
0,8,2,cobyla,19,0.891156
0,8,2,random,0,0.884205
0,8,2,random,1,0.882542
0,8,2,random,2,0.884033
0,8,2,random,3,0.89731
0,8,2,random,4,0.884061
0,8,2,random,5,0.885383
0,8,2,random,6,0.887266
0,8,2,random,7,0.870776
0,8,2,random,8,0.878752
0,8,2,random,9,0.882041
0,8,2,random,10,0.871294
0,8,2,random,11,0.876083
0,8,2,random,12,0.880251
0,8,2,random,13,0.895016
0,8,2,random,14,0.879485
0,8,2,random,15,0.883545
0,8,2,random,16,0.887951
0,8,2,random,17,0.879401
0,8,2,random,18,0.874398
0,8,2,random,19,0.875416
0,8,2,cobyla_restart,0,0.898726
0,8,2,cobyla_restart,1,0.898726
0,8,2,cobyla_restart,2,0.898726
0,8,2,cobyla_restart,3,0.898726
0,8,2,cobyla_restart,4,0.898726
0,8,2,cobyla_restart,5,0.898726
0,8,2,cobyla_restart,6,0.898726
0,8,2,cobyla_restart,7,0.898726
0,8,2,cobyla_restart,8,0.898726
0,8,2,cobyla_restart,9,0.898726
0,8,2,cobyla_restart,10,0.898726
0,8,2,cobyla_restart,11,0.898726
0,8,2,cobyla_restart,12,0.898726
0,8,2,cobyla_restart,13,0.898726
0,8,2,cobyla_restart,14,0.898726
0,8,2,cobyla_restart,15,0.898726
0,8,2,cobyla_restart,16,0.898726
0,8,2,cobyla_restart,17,0.898726
0,8,2,cobyla_restart,18,0.898726
0,8,2,cobyla_restart,19,0.898726
1,8,1,qiea,0,0.800552
1,8,1,qiea,1,0.800685
1,8,1,qiea,2,0.800552
1,8,1,qiea,3,0.800632
1,8,1,qiea,4,0.800552
1,8,1,qiea,5,0.800395
1,8,1,qiea,6,0.800395
1,8,1,qiea,7,0.800632
1,8,1,qiea,8,0.800395
1,8,1,qiea,9,0.800685
1,8,1,qiea,10,0.800685
1,8,1,qiea,11,0.800685
1,8,1,qiea,12,0.800552
1,8,1,qiea,13,0.800632
1,8,1,qiea,14,0.799953
1,8,1,qiea,15,0.799747
1,8,1,qiea,16,0.800552
1,8,1,qiea,17,0.800395
1,8,1,qiea,18,0.800552
1,8,1,qiea,19,0.79831
1,8,1,cobyla,0,0.800692
1,8,1,cobyla,1,0.800692
1,8,1,cobyla,2,0.800692
1,8,1,cobyla,3,0.800692
1,8,1,cobyla,4,0.800692
1,8,1,cobyla,5,0.800692
1,8,1,cobyla,6,0.800692
1,8,1,cobyla,7,0.800692
1,8,1,cobyla,8,0.800692
1,8,1,cobyla,9,0.800692
1,8,1,cobyla,10,0.800692
1,8,1,cobyla,11,0.800692
1,8,1,cobyla,12,0.6
1,8,1,cobyla,13,0.800692
1,8,1,cobyla,14,0.800692
1,8,1,cobyla,15,0.800692
1,8,1,cobyla,16,0.800692
1,8,1,cobyla,17,0.800692
1,8,1,cobyla,18,0.800692
1,8,1,cobyla,19,0.800692
1,8,1,random,0,0.799765
1,8,1,random,1,0.800605
1,8,1,random,2,0.800228
1,8,1,random,3,0.800394
1,8,1,random,4,0.799773
1,8,1,random,5,0.799983
1,8,1,random,6,0.800634
1,8,1,random,7,0.800442
1,8,1,random,8,0.800439
1,8,1,random,9,0.79984
1,8,1,random,10,0.800628
1,8,1,random,11,0.80065
1,8,1,random,12,0.800512
1,8,1,random,13,0.800676
1,8,1,random,14,0.80062
1,8,1,random,15,0.799487
1,8,1,random,16,0.800574
1,8,1,random,17,0.800597
1,8,1,random,18,0.800555
1,8,1,random,19,0.800549
1,8,1,cobyla_restart,0,0.800692
1,8,1,cobyla_restart,1,0.800692
1,8,1,cobyla_restart,2,0.800692
1,8,1,cobyla_restart,3,0.800692
1,8,1,cobyla_restart,4,0.800692
1,8,1,cobyla_restart,5,0.800692
1,8,1,cobyla_restart,6,0.800692
1,8,1,cobyla_restart,7,0.800692
1,8,1,cobyla_restart,8,0.800692
1,8,1,cobyla_restart,9,0.800692
1,8,1,cobyla_restart,10,0.800692
1,8,1,cobyla_restart,11,0.800692
1,8,1,cobyla_restart,12,0.800692
1,8,1,cobyla_restart,13,0.800692
1,8,1,cobyla_restart,14,0.800692
1,8,1,cobyla_restart,15,0.800692
1,8,1,cobyla_restart,16,0.800692
1,8,1,cobyla_restart,17,0.800692
1,8,1,cobyla_restart,18,0.800692
1,8,1,cobyla_restart,19,0.800692
1,8,2,qiea,0,0.830245
1,8,2,qiea,1,0.878243
1,8,2,qiea,2,0.860356
1,8,2,qiea,3,0.877766
1,8,2,qiea,4,0.860951
1,8,2,qiea,5,0.877799
1,8,2,qiea,6,0.868694
1,8,2,qiea,7,0.86209
1,8,2,qiea,8,0.851915
1,8,2,qiea,9,0.854248
1,8,2,qiea,10,0.877121
1,8,2,qiea,11,0.850182
1,8,2,qiea,12,0.843929
1,8,2,qiea,13,0.85791
1,8,2,qiea,14,0.857023
1,8,2,qiea,15,0.851562
1,8,2,qiea,16,0.877918
1,8,2,qiea,17,0.852895
1,8,2,qiea,18,0.844975
1,8,2,qiea,19,0.86913
1,8,2,cobyla,0,0.857056
1,8,2,cobyla,1,0.862994
1,8,2,cobyla,2,0.862994
1,8,2,cobyla,3,0.857056
1,8,2,cobyla,4,0.878424
1,8,2,cobyla,5,0.857056
1,8,2,cobyla,6,0.857056
1,8,2,cobyla,7,0.862994
1,8,2,cobyla,8,0.862994
1,8,2,cobyla,9,0.878424
1,8,2,cobyla,10,0.878424
1,8,2,cobyla,11,0.878424
1,8,2,cobyla,12,0.857056
1,8,2,cobyla,13,0.857056
1,8,2,cobyla,14,0.862994
1,8,2,cobyla,15,0.862994
1,8,2,cobyla,16,0.878424
1,8,2,cobyla,17,0.857056
1,8,2,cobyla,18,0.857056
1,8,2,cobyla,19,0.862994
1,8,2,random,0,0.867046
1,8,2,random,1,0.872633
1,8,2,random,2,0.856701
1,8,2,random,3,0.872958
1,8,2,random,4,0.853791
1,8,2,random,5,0.867565
1,8,2,random,6,0.859031
1,8,2,random,7,0.846025
1,8,2,random,8,0.860382
1,8,2,random,9,0.870146
1,8,2,random,10,0.863103
1,8,2,random,11,0.852466
1,8,2,random,12,0.854801
1,8,2,random,13,0.868499
1,8,2,random,14,0.851943
1,8,2,random,15,0.855318
1,8,2,random,16,0.868553
1,8,2,random,17,0.860515
1,8,2,random,18,0.864836
1,8,2,random,19,0.85387
1,8,2,cobyla_restart,0,0.878424
1,8,2,cobyla_restart,1,0.878424
1,8,2,cobyla_restart,2,0.878424
1,8,2,cobyla_restart,3,0.878424
1,8,2,cobyla_restart,4,0.878424
1,8,2,cobyla_restart,5,0.878424
1,8,2,cobyla_restart,6,0.878424
1,8,2,cobyla_restart,7,0.862994
1,8,2,cobyla_restart,8,0.878424
1,8,2,cobyla_restart,9,0.878424
1,8,2,cobyla_restart,10,0.878424
1,8,2,cobyla_restart,11,0.878424
1,8,2,cobyla_restart,12,0.878424
1,8,2,cobyla_restart,13,0.878424
1,8,2,cobyla_restart,14,0.878424
1,8,2,cobyla_restart,15,0.878424
1,8,2,cobyla_restart,16,0.878424
1,8,2,cobyla_restart,17,0.878424
1,8,2,cobyla_restart,18,0.878424
1,8,2,cobyla_restart,19,0.878424
2,8,1,qiea,0,0.775997
2,8,1,qiea,1,0.775997
2,8,1,qiea,2,0.775997
2,8,1,qiea,3,0.775979
2,8,1,qiea,4,0.775979
2,8,1,qiea,5,0.775997
2,8,1,qiea,6,0.775997
2,8,1,qiea,7,0.775483
2,8,1,qiea,8,0.775818
2,8,1,qiea,9,0.775978
2,8,1,qiea,10,0.775997
2,8,1,qiea,11,0.775969
2,8,1,qiea,12,0.775979
2,8,1,qiea,13,0.775057
2,8,1,qiea,14,0.775997
2,8,1,qiea,15,0.775979
2,8,1,qiea,16,0.775979
2,8,1,qiea,17,0.775969
2,8,1,qiea,18,0.775979
2,8,1,qiea,19,0.775978
2,8,1,cobyla,0,0.77602
2,8,1,cobyla,1,0.77602
2,8,1,cobyla,2,0.77602
2,8,1,cobyla,3,0.77602
2,8,1,cobyla,4,0.77602
2,8,1,cobyla,5,0.77602
2,8,1,cobyla,6,0.77602
2,8,1,cobyla,7,0.77602
2,8,1,cobyla,8,0.77602
2,8,1,cobyla,9,0.77602
2,8,1,cobyla,10,0.77602
2,8,1,cobyla,11,0.77602
2,8,1,cobyla,12,0.6
2,8,1,cobyla,13,0.77602
2,8,1,cobyla,14,0.77602
2,8,1,cobyla,15,0.77602
2,8,1,cobyla,16,0.77602
2,8,1,cobyla,17,0.77602
2,8,1,cobyla,18,0.77602
2,8,1,cobyla,19,0.77602
2,8,1,random,0,0.775789
2,8,1,random,1,0.775398
2,8,1,random,2,0.77584
2,8,1,random,3,0.775638
2,8,1,random,4,0.775797
2,8,1,random,5,0.775942
2,8,1,random,6,0.77592
2,8,1,random,7,0.775679
2,8,1,random,8,0.774962
2,8,1,random,9,0.775851
2,8,1,random,10,0.77584
2,8,1,random,11,0.775888
2,8,1,random,12,0.775745
2,8,1,random,13,0.775961
2,8,1,random,14,0.775362
2,8,1,random,15,0.775915
2,8,1,random,16,0.775877
2,8,1,random,17,0.775693
2,8,1,random,18,0.775105
2,8,1,random,19,0.775407
2,8,1,cobyla_restart,0,0.77602
2,8,1,cobyla_restart,1,0.77602
2,8,1,cobyla_restart,2,0.77602
2,8,1,cobyla_restart,3,0.77602
2,8,1,cobyla_restart,4,0.77602
2,8,1,cobyla_restart,5,0.77602
2,8,1,cobyla_restart,6,0.77602
2,8,1,cobyla_restart,7,0.77602
2,8,1,cobyla_restart,8,0.77602
2,8,1,cobyla_restart,9,0.77602
2,8,1,cobyla_restart,10,0.77602
2,8,1,cobyla_restart,11,0.77602
2,8,1,cobyla_restart,12,0.77602
2,8,1,cobyla_restart,13,0.77602
2,8,1,cobyla_restart,14,0.77602
2,8,1,cobyla_restart,15,0.77602
2,8,1,cobyla_restart,16,0.77602
2,8,1,cobyla_restart,17,0.77602
2,8,1,cobyla_restart,18,0.77602
2,8,1,cobyla_restart,19,0.77602
2,8,2,qiea,0,0.841417
2,8,2,qiea,1,0.84087
2,8,2,qiea,2,0.829037
2,8,2,qiea,3,0.825829
2,8,2,qiea,4,0.829945
2,8,2,qiea,5,0.830301
2,8,2,qiea,6,0.841599
2,8,2,qiea,7,0.826681
2,8,2,qiea,8,0.841655
2,8,2,qiea,9,0.836541
2,8,2,qiea,10,0.840892
2,8,2,qiea,11,0.816184
2,8,2,qiea,12,0.841774
2,8,2,qiea,13,0.829299
2,8,2,qiea,14,0.836028
2,8,2,qiea,15,0.816628
2,8,2,qiea,16,0.841827
2,8,2,qiea,17,0.840829
2,8,2,qiea,18,0.83499
2,8,2,qiea,19,0.823733
2,8,2,cobyla,0,0.841897
2,8,2,cobyla,1,0.830407
2,8,2,cobyla,2,0.841897
2,8,2,cobyla,3,0.841896
2,8,2,cobyla,4,0.841897
2,8,2,cobyla,5,0.841897
2,8,2,cobyla,6,0.841897
2,8,2,cobyla,7,0.841896
2,8,2,cobyla,8,0.830407
2,8,2,cobyla,9,0.841897
2,8,2,cobyla,10,0.841897
2,8,2,cobyla,11,0.841897
2,8,2,cobyla,12,0.841897
2,8,2,cobyla,13,0.707203
2,8,2,cobyla,14,0.830407
2,8,2,cobyla,15,0.830407
2,8,2,cobyla,16,0.841897
2,8,2,cobyla,17,0.841897
2,8,2,cobyla,18,0.841897
2,8,2,cobyla,19,0.830407
2,8,2,random,0,0.828524
2,8,2,random,1,0.835809
2,8,2,random,2,0.829155
2,8,2,random,3,0.820313
2,8,2,random,4,0.829899
2,8,2,random,5,0.834008
2,8,2,random,6,0.828161
2,8,2,random,7,0.829568
2,8,2,random,8,0.823007
2,8,2,random,9,0.834632
2,8,2,random,10,0.838043
2,8,2,random,11,0.841079
2,8,2,random,12,0.824865
2,8,2,random,13,0.8243
2,8,2,random,14,0.824254
2,8,2,random,15,0.824408
2,8,2,random,16,0.83166
2,8,2,random,17,0.840492
2,8,2,random,18,0.831254
2,8,2,random,19,0.831835
2,8,2,cobyla_restart,0,0.841897
2,8,2,cobyla_restart,1,0.841897
2,8,2,cobyla_restart,2,0.841897
2,8,2,cobyla_restart,3,0.841897
2,8,2,cobyla_restart,4,0.841897
2,8,2,cobyla_restart,5,0.841897
2,8,2,cobyla_restart,6,0.841897
2,8,2,cobyla_restart,7,0.841897
2,8,2,cobyla_restart,8,0.841897
2,8,2,cobyla_restart,9,0.841897
2,8,2,cobyla_restart,10,0.841897
2,8,2,cobyla_restart,11,0.841897
2,8,2,cobyla_restart,12,0.841897
2,8,2,cobyla_restart,13,0.841897
2,8,2,cobyla_restart,14,0.841897
2,8,2,cobyla_restart,15,0.841897
2,8,2,cobyla_restart,16,0.841897
2,8,2,cobyla_restart,17,0.841897
2,8,2,cobyla_restart,18,0.841897
2,8,2,cobyla_restart,19,0.841897
3,8,1,qiea,0,0.830009
3,8,1,qiea,1,0.830839
3,8,1,qiea,2,0.830804
3,8,1,qiea,3,0.829272
3,8,1,qiea,4,0.830009
3,8,1,qiea,5,0.830839
3,8,1,qiea,6,0.8309
3,8,1,qiea,7,0.830839
3,8,1,qiea,8,0.829272
3,8,1,qiea,9,0.829974
3,8,1,qiea,10,0.830839
3,8,1,qiea,11,0.829974
3,8,1,qiea,12,0.830839
3,8,1,qiea,13,0.8309
3,8,1,qiea,14,0.830936
3,8,1,qiea,15,0.830936
3,8,1,qiea,16,0.8309
3,8,1,qiea,17,0.830936
3,8,1,qiea,18,0.830804
3,8,1,qiea,19,0.830839
3,8,1,cobyla,0,0.83094
3,8,1,cobyla,1,0.83094
3,8,1,cobyla,2,0.83094
3,8,1,cobyla,3,0.83094
3,8,1,cobyla,4,0.83094
3,8,1,cobyla,5,0.83094
3,8,1,cobyla,6,0.83094
3,8,1,cobyla,7,0.83094
3,8,1,cobyla,8,0.83094
3,8,1,cobyla,9,0.83094
3,8,1,cobyla,10,0.83094
3,8,1,cobyla,11,0.83094
3,8,1,cobyla,12,0.6
3,8,1,cobyla,13,0.83094
3,8,1,cobyla,14,0.83094
3,8,1,cobyla,15,0.83094
3,8,1,cobyla,16,0.83094
3,8,1,cobyla,17,0.83094
3,8,1,cobyla,18,0.83094
3,8,1,cobyla,19,0.83094
3,8,1,random,0,0.830715
3,8,1,random,1,0.830105
3,8,1,random,2,0.830238
3,8,1,random,3,0.829877
3,8,1,random,4,0.830731
3,8,1,random,5,0.829786
3,8,1,random,6,0.830894
3,8,1,random,7,0.829891
3,8,1,random,8,0.830897
3,8,1,random,9,0.83089
3,8,1,random,10,0.830231
3,8,1,random,11,0.830595
3,8,1,random,12,0.830796
3,8,1,random,13,0.830708
3,8,1,random,14,0.830432
3,8,1,random,15,0.830437
3,8,1,random,16,0.830902
3,8,1,random,17,0.830692
3,8,1,random,18,0.830789
3,8,1,random,19,0.830909
3,8,1,cobyla_restart,0,0.83094
3,8,1,cobyla_restart,1,0.83094
3,8,1,cobyla_restart,2,0.83094
3,8,1,cobyla_restart,3,0.83094
3,8,1,cobyla_restart,4,0.83094
3,8,1,cobyla_restart,5,0.83094
3,8,1,cobyla_restart,6,0.83094
3,8,1,cobyla_restart,7,0.83094
3,8,1,cobyla_restart,8,0.83094
3,8,1,cobyla_restart,9,0.83094
3,8,1,cobyla_restart,10,0.83094
3,8,1,cobyla_restart,11,0.83094
3,8,1,cobyla_restart,12,0.83094
3,8,1,cobyla_restart,13,0.83094
3,8,1,cobyla_restart,14,0.83094
3,8,1,cobyla_restart,15,0.83094
3,8,1,cobyla_restart,16,0.83094
3,8,1,cobyla_restart,17,0.83094
3,8,1,cobyla_restart,18,0.83094
3,8,1,cobyla_restart,19,0.83094
3,8,2,qiea,0,0.91834
3,8,2,qiea,1,0.916471
3,8,2,qiea,2,0.906894
3,8,2,qiea,3,0.92476
3,8,2,qiea,4,0.918022
3,8,2,qiea,5,0.900717
3,8,2,qiea,6,0.920407
3,8,2,qiea,7,0.922918
3,8,2,qiea,8,0.915051
3,8,2,qiea,9,0.885194
3,8,2,qiea,10,0.92476
3,8,2,qiea,11,0.902441
3,8,2,qiea,12,0.89934
3,8,2,qiea,13,0.900479
3,8,2,qiea,14,0.919658
3,8,2,qiea,15,0.919411
3,8,2,qiea,16,0.91172
3,8,2,qiea,17,0.917703
3,8,2,qiea,18,0.923481
3,8,2,qiea,19,0.923769
3,8,2,cobyla,0,0.892864
3,8,2,cobyla,1,0.92016
3,8,2,cobyla,2,0.92016
3,8,2,cobyla,3,0.924805
3,8,2,cobyla,4,0.924805
3,8,2,cobyla,5,0.892864
3,8,2,cobyla,6,0.892864
3,8,2,cobyla,7,0.924805
3,8,2,cobyla,8,0.92016
3,8,2,cobyla,9,0.892864
3,8,2,cobyla,10,0.924805
3,8,2,cobyla,11,0.924805
3,8,2,cobyla,12,0.924805
3,8,2,cobyla,13,0.892864
3,8,2,cobyla,14,0.92016
3,8,2,cobyla,15,0.924805
3,8,2,cobyla,16,0.92016
3,8,2,cobyla,17,0.920159
3,8,2,cobyla,18,0.92016
3,8,2,cobyla,19,0.92016
3,8,2,random,0,0.915779
3,8,2,random,1,0.903288
3,8,2,random,2,0.914296
3,8,2,random,3,0.921629
3,8,2,random,4,0.913627
3,8,2,random,5,0.91368
3,8,2,random,6,0.91579
3,8,2,random,7,0.899133
3,8,2,random,8,0.902743
3,8,2,random,9,0.897118
3,8,2,random,10,0.905392
3,8,2,random,11,0.905989
3,8,2,random,12,0.907233
3,8,2,random,13,0.922122
3,8,2,random,14,0.911152
3,8,2,random,15,0.911224
3,8,2,random,16,0.905287
3,8,2,random,17,0.904125
3,8,2,random,18,0.9008
3,8,2,random,19,0.896534
3,8,2,cobyla_restart,0,0.924805
3,8,2,cobyla_restart,1,0.924805
3,8,2,cobyla_restart,2,0.924805
3,8,2,cobyla_restart,3,0.924805
3,8,2,cobyla_restart,4,0.924805
3,8,2,cobyla_restart,5,0.924805
3,8,2,cobyla_restart,6,0.924805
3,8,2,cobyla_restart,7,0.924805
3,8,2,cobyla_restart,8,0.924805
3,8,2,cobyla_restart,9,0.924805
3,8,2,cobyla_restart,10,0.924805
3,8,2,cobyla_restart,11,0.924805
3,8,2,cobyla_restart,12,0.924805
3,8,2,cobyla_restart,13,0.924805
3,8,2,cobyla_restart,14,0.924805
3,8,2,cobyla_restart,15,0.924805
3,8,2,cobyla_restart,16,0.924805
3,8,2,cobyla_restart,17,0.924805
3,8,2,cobyla_restart,18,0.924805
3,8,2,cobyla_restart,19,0.924805
4,8,1,qiea,0,0.691674
4,8,1,qiea,1,0.692366
4,8,1,qiea,2,0.692337
4,8,1,qiea,3,0.69106
4,8,1,qiea,4,0.691674
4,8,1,qiea,5,0.692366
4,8,1,qiea,6,0.692417
4,8,1,qiea,7,0.692366
4,8,1,qiea,8,0.69106
4,8,1,qiea,9,0.691645
4,8,1,qiea,10,0.692366
4,8,1,qiea,11,0.691645
4,8,1,qiea,12,0.692366
4,8,1,qiea,13,0.692417
4,8,1,qiea,14,0.692446
4,8,1,qiea,15,0.692446
4,8,1,qiea,16,0.692417
4,8,1,qiea,17,0.692446
4,8,1,qiea,18,0.692337
4,8,1,qiea,19,0.692366
4,8,1,cobyla,0,0.69245
4,8,1,cobyla,1,0.69245
4,8,1,cobyla,2,0.69245
4,8,1,cobyla,3,0.69245
4,8,1,cobyla,4,0.69245
4,8,1,cobyla,5,0.69245
4,8,1,cobyla,6,0.69245
4,8,1,cobyla,7,0.69245
4,8,1,cobyla,8,0.69245
4,8,1,cobyla,9,0.69245
4,8,1,cobyla,10,0.69245
4,8,1,cobyla,11,0.69245
4,8,1,cobyla,12,0.5
4,8,1,cobyla,13,0.69245
4,8,1,cobyla,14,0.69245
4,8,1,cobyla,15,0.69245
4,8,1,cobyla,16,0.69245
4,8,1,cobyla,17,0.69245
4,8,1,cobyla,18,0.69245
4,8,1,cobyla,19,0.69245
4,8,1,random,0,0.692262
4,8,1,random,1,0.691754
4,8,1,random,2,0.691865
4,8,1,random,3,0.691564
4,8,1,random,4,0.692276
4,8,1,random,5,0.691489
4,8,1,random,6,0.692412
4,8,1,random,7,0.691575
4,8,1,random,8,0.692414
4,8,1,random,9,0.692408
4,8,1,random,10,0.691859
4,8,1,random,11,0.692162
4,8,1,random,12,0.69233
4,8,1,random,13,0.692257
4,8,1,random,14,0.692027
4,8,1,random,15,0.69203
4,8,1,random,16,0.692418
4,8,1,random,17,0.692243
4,8,1,random,18,0.692324
4,8,1,random,19,0.692424
4,8,1,cobyla_restart,0,0.69245
4,8,1,cobyla_restart,1,0.69245
4,8,1,cobyla_restart,2,0.69245
4,8,1,cobyla_restart,3,0.69245
4,8,1,cobyla_restart,4,0.69245
4,8,1,cobyla_restart,5,0.69245
4,8,1,cobyla_restart,6,0.69245
4,8,1,cobyla_restart,7,0.69245
4,8,1,cobyla_restart,8,0.69245
4,8,1,cobyla_restart,9,0.69245
4,8,1,cobyla_restart,10,0.69245
4,8,1,cobyla_restart,11,0.69245
4,8,1,cobyla_restart,12,0.69245
4,8,1,cobyla_restart,13,0.69245
4,8,1,cobyla_restart,14,0.69245
4,8,1,cobyla_restart,15,0.69245
4,8,1,cobyla_restart,16,0.69245
4,8,1,cobyla_restart,17,0.69245
4,8,1,cobyla_restart,18,0.69245
4,8,1,cobyla_restart,19,0.69245
4,8,2,qiea,0,0.798124
4,8,2,qiea,1,0.798194
4,8,2,qiea,2,0.799013
4,8,2,qiea,3,0.806374
4,8,2,qiea,4,0.799671
4,8,2,qiea,5,0.79878
4,8,2,qiea,6,0.800469
4,8,2,qiea,7,0.80766
4,8,2,qiea,8,0.800803
4,8,2,qiea,9,0.755209
4,8,2,qiea,10,0.807748
4,8,2,qiea,11,0.806271
4,8,2,qiea,12,0.806625
4,8,2,qiea,13,0.766288
4,8,2,qiea,14,0.802106
4,8,2,qiea,15,0.798099
4,8,2,qiea,16,0.801608
4,8,2,qiea,17,0.8015
4,8,2,qiea,18,0.806271
4,8,2,qiea,19,0.800911
4,8,2,cobyla,0,0.760775
4,8,2,cobyla,1,0.802363
4,8,2,cobyla,2,0.760775
4,8,2,cobyla,3,0.701406
4,8,2,cobyla,4,0.807945
4,8,2,cobyla,5,0.760775
4,8,2,cobyla,6,0.760775
4,8,2,cobyla,7,0.802363
4,8,2,cobyla,8,0.802363
4,8,2,cobyla,9,0.760775
4,8,2,cobyla,10,0.802363
4,8,2,cobyla,11,0.807945
4,8,2,cobyla,12,0.802363
4,8,2,cobyla,13,0.807945
4,8,2,cobyla,14,0.802363
4,8,2,cobyla,15,0.807945
4,8,2,cobyla,16,0.802363
4,8,2,cobyla,17,0.802363
4,8,2,cobyla,18,0.802363
4,8,2,cobyla,19,0.802363
4,8,2,random,0,0.794087
4,8,2,random,1,0.785236
4,8,2,random,2,0.795314
4,8,2,random,3,0.791002
4,8,2,random,4,0.787099
4,8,2,random,5,0.786975
4,8,2,random,6,0.788595
4,8,2,random,7,0.800832
4,8,2,random,8,0.773369
4,8,2,random,9,0.784925
4,8,2,random,10,0.784547
4,8,2,random,11,0.78608
4,8,2,random,12,0.784956
4,8,2,random,13,0.792725
4,8,2,random,14,0.801814
4,8,2,random,15,0.806298
4,8,2,random,16,0.784705
4,8,2,random,17,0.786362
4,8,2,random,18,0.788694
4,8,2,random,19,0.781385
4,8,2,cobyla_restart,0,0.807945
4,8,2,cobyla_restart,1,0.807945
4,8,2,cobyla_restart,2,0.807945
4,8,2,cobyla_restart,3,0.807945
4,8,2,cobyla_restart,4,0.807945
4,8,2,cobyla_restart,5,0.807945
4,8,2,cobyla_restart,6,0.807945
4,8,2,cobyla_restart,7,0.807945
4,8,2,cobyla_restart,8,0.807945
4,8,2,cobyla_restart,9,0.807945
4,8,2,cobyla_restart,10,0.807945
4,8,2,cobyla_restart,11,0.807945
4,8,2,cobyla_restart,12,0.807945
4,8,2,cobyla_restart,13,0.807945
4,8,2,cobyla_restart,14,0.807945
4,8,2,cobyla_restart,15,0.807945
4,8,2,cobyla_restart,16,0.807945
4,8,2,cobyla_restart,17,0.807945
4,8,2,cobyla_restart,18,0.807945
4,8,2,cobyla_restart,19,0.807945
5,10,1,qiea,0,0.774954
5,10,1,qiea,1,0.775174
5,10,1,qiea,2,0.775111
5,10,1,qiea,3,0.775211
5,10,1,qiea,4,0.774966
5,10,1,qiea,5,0.775111
5,10,1,qiea,6,0.775065
5,10,1,qiea,7,0.775245
5,10,1,qiea,8,0.775065
5,10,1,qiea,9,0.775198
5,10,1,qiea,10,0.775198
5,10,1,qiea,11,0.775174
5,10,1,qiea,12,0.774954
5,10,1,qiea,13,0.775211
5,10,1,qiea,14,0.774966
5,10,1,qiea,15,0.775111
5,10,1,qiea,16,0.774954
5,10,1,qiea,17,0.775111
5,10,1,qiea,18,0.775245
5,10,1,qiea,19,0.773731
5,10,1,cobyla,0,0.775255
5,10,1,cobyla,1,0.775255
5,10,1,cobyla,2,0.775255
5,10,1,cobyla,3,0.775255
5,10,1,cobyla,4,0.775255
5,10,1,cobyla,5,0.775255
5,10,1,cobyla,6,0.775255
5,10,1,cobyla,7,0.775255
5,10,1,cobyla,8,0.775255
5,10,1,cobyla,9,0.775255
5,10,1,cobyla,10,0.775255
5,10,1,cobyla,11,0.775255
5,10,1,cobyla,12,0.576923
5,10,1,cobyla,13,0.775255
5,10,1,cobyla,14,0.775255
5,10,1,cobyla,15,0.775255
5,10,1,cobyla,16,0.775255
5,10,1,cobyla,17,0.775255
5,10,1,cobyla,18,0.775255
5,10,1,cobyla,19,0.775255
5,10,1,random,0,0.774312
5,10,1,random,1,0.77491
5,10,1,random,2,0.775105
5,10,1,random,3,0.775202
5,10,1,random,4,0.773769
5,10,1,random,5,0.774296
5,10,1,random,6,0.775223
5,10,1,random,7,0.774951
5,10,1,random,8,0.775178
5,10,1,random,9,0.774836
5,10,1,random,10,0.775203
5,10,1,random,11,0.775246
5,10,1,random,12,0.775248
5,10,1,random,13,0.77524
5,10,1,random,14,0.775154
5,10,1,random,15,0.774241
5,10,1,random,16,0.77504
5,10,1,random,17,0.774906
5,10,1,random,18,0.775004
5,10,1,random,19,0.774812
5,10,1,cobyla_restart,0,0.775255
5,10,1,cobyla_restart,1,0.775255
5,10,1,cobyla_restart,2,0.775255
5,10,1,cobyla_restart,3,0.775255
5,10,1,cobyla_restart,4,0.775255
5,10,1,cobyla_restart,5,0.775255
5,10,1,cobyla_restart,6,0.775255
5,10,1,cobyla_restart,7,0.775255
5,10,1,cobyla_restart,8,0.775255
5,10,1,cobyla_restart,9,0.775255
5,10,1,cobyla_restart,10,0.775255
5,10,1,cobyla_restart,11,0.775255
5,10,1,cobyla_restart,12,0.775255
5,10,1,cobyla_restart,13,0.775255
5,10,1,cobyla_restart,14,0.775255
5,10,1,cobyla_restart,15,0.775255
5,10,1,cobyla_restart,16,0.775255
5,10,1,cobyla_restart,17,0.775255
5,10,1,cobyla_restart,18,0.775255
5,10,1,cobyla_restart,19,0.775255
5,10,2,qiea,0,0.835731
5,10,2,qiea,1,0.843627
5,10,2,qiea,2,0.84223
5,10,2,qiea,3,0.859183
5,10,2,qiea,4,0.846032
5,10,2,qiea,5,0.837809
5,10,2,qiea,6,0.859818
5,10,2,qiea,7,0.845681
5,10,2,qiea,8,0.825995
5,10,2,qiea,9,0.827092
5,10,2,qiea,10,0.85948
5,10,2,qiea,11,0.828217
5,10,2,qiea,12,0.85948
5,10,2,qiea,13,0.842097
5,10,2,qiea,14,0.851227
5,10,2,qiea,15,0.845148
5,10,2,qiea,16,0.826966
5,10,2,qiea,17,0.843753
5,10,2,qiea,18,0.84605
5,10,2,qiea,19,0.849735
5,10,2,cobyla,0,0.831036
5,10,2,cobyla,1,0.846053
5,10,2,cobyla,2,0.859888
5,10,2,cobyla,3,0.831036
5,10,2,cobyla,4,0.859888
5,10,2,cobyla,5,0.831036
5,10,2,cobyla,6,0.831036
5,10,2,cobyla,7,0.846053
5,10,2,cobyla,8,0.846053
5,10,2,cobyla,9,0.831036
5,10,2,cobyla,10,0.859888
5,10,2,cobyla,11,0.859888
5,10,2,cobyla,12,0.846053
5,10,2,cobyla,13,0.859888
5,10,2,cobyla,14,0.846053
5,10,2,cobyla,15,0.859888
5,10,2,cobyla,16,0.859888
5,10,2,cobyla,17,0.831036
5,10,2,cobyla,18,0.831036
5,10,2,cobyla,19,0.846053
5,10,2,random,0,0.845929
5,10,2,random,1,0.846032
5,10,2,random,2,0.841549
5,10,2,random,3,0.856438
5,10,2,random,4,0.837247
5,10,2,random,5,0.846766
5,10,2,random,6,0.840904
5,10,2,random,7,0.835016
5,10,2,random,8,0.834848
5,10,2,random,9,0.846047
5,10,2,random,10,0.833406
5,10,2,random,11,0.831162
5,10,2,random,12,0.8362
5,10,2,random,13,0.851605
5,10,2,random,14,0.836653
5,10,2,random,15,0.843863
5,10,2,random,16,0.850167
5,10,2,random,17,0.836454
5,10,2,random,18,0.837114
5,10,2,random,19,0.831609
5,10,2,cobyla_restart,0,0.859888
5,10,2,cobyla_restart,1,0.859888
5,10,2,cobyla_restart,2,0.859888
5,10,2,cobyla_restart,3,0.859888
5,10,2,cobyla_restart,4,0.859888
5,10,2,cobyla_restart,5,0.859888
5,10,2,cobyla_restart,6,0.859888
5,10,2,cobyla_restart,7,0.859888
5,10,2,cobyla_restart,8,0.859888
5,10,2,cobyla_restart,9,0.859888
5,10,2,cobyla_restart,10,0.859888
5,10,2,cobyla_restart,11,0.859888
5,10,2,cobyla_restart,12,0.859888
5,10,2,cobyla_restart,13,0.859888
5,10,2,cobyla_restart,14,0.859888
5,10,2,cobyla_restart,15,0.859888
5,10,2,cobyla_restart,16,0.859888
5,10,2,cobyla_restart,17,0.859888
5,10,2,cobyla_restart,18,0.859888
5,10,2,cobyla_restart,19,0.859888
6,10,1,qiea,0,0.785908
6,10,1,qiea,1,0.786561
6,10,1,qiea,2,0.786631
6,10,1,qiea,3,0.785469
6,10,1,qiea,4,0.785851
6,10,1,qiea,5,0.786631
6,10,1,qiea,6,0.786631
6,10,1,qiea,7,0.786561
6,10,1,qiea,8,0.786631
6,10,1,qiea,9,0.786303
6,10,1,qiea,10,0.786303
6,10,1,qiea,11,0.786303
6,10,1,qiea,12,0.785851
6,10,1,qiea,13,0.786561
6,10,1,qiea,14,0.786624
6,10,1,qiea,15,0.786624
6,10,1,qiea,16,0.786561
6,10,1,qiea,17,0.786631
6,10,1,qiea,18,0.786631
6,10,1,qiea,19,0.786206
6,10,1,cobyla,0,0.786647
6,10,1,cobyla,1,0.786647
6,10,1,cobyla,2,0.786647
6,10,1,cobyla,3,0.786647
6,10,1,cobyla,4,0.786647
6,10,1,cobyla,5,0.786647
6,10,1,cobyla,6,0.786647
6,10,1,cobyla,7,0.786647
6,10,1,cobyla,8,0.786647
6,10,1,cobyla,9,0.786647
6,10,1,cobyla,10,0.786647
6,10,1,cobyla,11,0.786647
6,10,1,cobyla,12,0.576923
6,10,1,cobyla,13,0.786647
6,10,1,cobyla,14,0.786647
6,10,1,cobyla,15,0.786647
6,10,1,cobyla,16,0.786647
6,10,1,cobyla,17,0.786647
6,10,1,cobyla,18,0.786647
6,10,1,cobyla,19,0.786647
6,10,1,random,0,0.786538
6,10,1,random,1,0.786544
6,10,1,random,2,0.786628
6,10,1,random,3,0.786386
6,10,1,random,4,0.786256
6,10,1,random,5,0.785763
6,10,1,random,6,0.786141
6,10,1,random,7,0.785543
6,10,1,random,8,0.786598
6,10,1,random,9,0.78657
6,10,1,random,10,0.78594
6,10,1,random,11,0.786234
6,10,1,random,12,0.786509
6,10,1,random,13,0.786598
6,10,1,random,14,0.786564
6,10,1,random,15,0.786282
6,10,1,random,16,0.78613
6,10,1,random,17,0.786463
6,10,1,random,18,0.786593
6,10,1,random,19,0.786257
6,10,1,cobyla_restart,0,0.786647
6,10,1,cobyla_restart,1,0.786647
6,10,1,cobyla_restart,2,0.786647
6,10,1,cobyla_restart,3,0.786647
6,10,1,cobyla_restart,4,0.786647
6,10,1,cobyla_restart,5,0.786647
6,10,1,cobyla_restart,6,0.786647
6,10,1,cobyla_restart,7,0.786647
6,10,1,cobyla_restart,8,0.786647
6,10,1,cobyla_restart,9,0.786647
6,10,1,cobyla_restart,10,0.786647
6,10,1,cobyla_restart,11,0.786647
6,10,1,cobyla_restart,12,0.786647
6,10,1,cobyla_restart,13,0.786647
6,10,1,cobyla_restart,14,0.786647
6,10,1,cobyla_restart,15,0.786647
6,10,1,cobyla_restart,16,0.786647
6,10,1,cobyla_restart,17,0.786647
6,10,1,cobyla_restart,18,0.786647
6,10,1,cobyla_restart,19,0.786647
6,10,2,qiea,0,0.860952
6,10,2,qiea,1,0.860477
6,10,2,qiea,2,0.860502
6,10,2,qiea,3,0.868836
6,10,2,qiea,4,0.862539
6,10,2,qiea,5,0.851676
6,10,2,qiea,6,0.86871
6,10,2,qiea,7,0.862242
6,10,2,qiea,8,0.859575
6,10,2,qiea,9,0.837662
6,10,2,qiea,10,0.868842
6,10,2,qiea,11,0.845103
6,10,2,qiea,12,0.842893
6,10,2,qiea,13,0.86262
6,10,2,qiea,14,0.863054
6,10,2,qiea,15,0.862242
6,10,2,qiea,16,0.843805
6,10,2,qiea,17,0.843316
6,10,2,qiea,18,0.840883
6,10,2,qiea,19,0.864985
6,10,2,cobyla,0,0.841737
6,10,2,cobyla,1,0.862676
6,10,2,cobyla,2,0.841737
6,10,2,cobyla,3,0.868914
6,10,2,cobyla,4,0.868914
6,10,2,cobyla,5,0.841737
6,10,2,cobyla,6,0.841737
6,10,2,cobyla,7,0.868914
6,10,2,cobyla,8,0.862676
6,10,2,cobyla,9,0.841737
6,10,2,cobyla,10,0.868914
6,10,2,cobyla,11,0.868914
6,10,2,cobyla,12,0.862676
6,10,2,cobyla,13,0.841737
6,10,2,cobyla,14,0.862676
6,10,2,cobyla,15,0.862676
6,10,2,cobyla,16,0.862676
6,10,2,cobyla,17,0.841737
6,10,2,cobyla,18,0.841737
6,10,2,cobyla,19,0.862676
6,10,2,random,0,0.855867
6,10,2,random,1,0.849539
6,10,2,random,2,0.855491
6,10,2,random,3,0.867239
6,10,2,random,4,0.854707
6,10,2,random,5,0.855376
6,10,2,random,6,0.857597
6,10,2,random,7,0.845296
6,10,2,random,8,0.849556
6,10,2,random,9,0.848912
6,10,2,random,10,0.843134
6,10,2,random,11,0.848756
6,10,2,random,12,0.852397
6,10,2,random,13,0.864339
6,10,2,random,14,0.855008
6,10,2,random,15,0.856108
6,10,2,random,16,0.855027
6,10,2,random,17,0.849885
6,10,2,random,18,0.844037
6,10,2,random,19,0.844337
6,10,2,cobyla_restart,0,0.868914
6,10,2,cobyla_restart,1,0.868914
6,10,2,cobyla_restart,2,0.868914
6,10,2,cobyla_restart,3,0.868914
6,10,2,cobyla_restart,4,0.868914
6,10,2,cobyla_restart,5,0.868914
6,10,2,cobyla_restart,6,0.868914
6,10,2,cobyla_restart,7,0.868914
6,10,2,cobyla_restart,8,0.868914
6,10,2,cobyla_restart,9,0.868914
6,10,2,cobyla_restart,10,0.868914
6,10,2,cobyla_restart,11,0.868914
6,10,2,cobyla_restart,12,0.868914
6,10,2,cobyla_restart,13,0.868914
6,10,2,cobyla_restart,14,0.868914
6,10,2,cobyla_restart,15,0.868914
6,10,2,cobyla_restart,16,0.868914
6,10,2,cobyla_restart,17,0.868914
6,10,2,cobyla_restart,18,0.868914
6,10,2,cobyla_restart,19,0.868914
7,10,1,qiea,0,0.785908
7,10,1,qiea,1,0.786561
7,10,1,qiea,2,0.786631
7,10,1,qiea,3,0.785469
7,10,1,qiea,4,0.785851
7,10,1,qiea,5,0.786631
7,10,1,qiea,6,0.786631
7,10,1,qiea,7,0.786561
7,10,1,qiea,8,0.786631
7,10,1,qiea,9,0.786303
7,10,1,qiea,10,0.786303
7,10,1,qiea,11,0.786303
7,10,1,qiea,12,0.785851
7,10,1,qiea,13,0.786561
7,10,1,qiea,14,0.786624
7,10,1,qiea,15,0.786624
7,10,1,qiea,16,0.786561
7,10,1,qiea,17,0.786631
7,10,1,qiea,18,0.786631
7,10,1,qiea,19,0.786206
7,10,1,cobyla,0,0.786647
7,10,1,cobyla,1,0.786647
7,10,1,cobyla,2,0.786647
7,10,1,cobyla,3,0.786647
7,10,1,cobyla,4,0.786647
7,10,1,cobyla,5,0.786647
7,10,1,cobyla,6,0.786647
7,10,1,cobyla,7,0.786647
7,10,1,cobyla,8,0.786647
7,10,1,cobyla,9,0.786647
7,10,1,cobyla,10,0.786647
7,10,1,cobyla,11,0.786647
7,10,1,cobyla,12,0.576923
7,10,1,cobyla,13,0.786647
7,10,1,cobyla,14,0.786647
7,10,1,cobyla,15,0.786647
7,10,1,cobyla,16,0.786647
7,10,1,cobyla,17,0.786647
7,10,1,cobyla,18,0.786647
7,10,1,cobyla,19,0.786647
7,10,1,random,0,0.786538
7,10,1,random,1,0.786544
7,10,1,random,2,0.786628
7,10,1,random,3,0.786386
7,10,1,random,4,0.786256
7,10,1,random,5,0.785763
7,10,1,random,6,0.786141
7,10,1,random,7,0.785543
7,10,1,random,8,0.786598
7,10,1,random,9,0.78657
7,10,1,random,10,0.78594
7,10,1,random,11,0.786234
7,10,1,random,12,0.786509
7,10,1,random,13,0.786598
7,10,1,random,14,0.786564
7,10,1,random,15,0.786282
7,10,1,random,16,0.78613
7,10,1,random,17,0.786463
7,10,1,random,18,0.786593
7,10,1,random,19,0.786257
7,10,1,cobyla_restart,0,0.786647
7,10,1,cobyla_restart,1,0.786647
7,10,1,cobyla_restart,2,0.786647
7,10,1,cobyla_restart,3,0.786647
7,10,1,cobyla_restart,4,0.786647
7,10,1,cobyla_restart,5,0.786647
7,10,1,cobyla_restart,6,0.786647
7,10,1,cobyla_restart,7,0.786647
7,10,1,cobyla_restart,8,0.786647
7,10,1,cobyla_restart,9,0.786647
7,10,1,cobyla_restart,10,0.786647
7,10,1,cobyla_restart,11,0.786647
7,10,1,cobyla_restart,12,0.786647
7,10,1,cobyla_restart,13,0.786647
7,10,1,cobyla_restart,14,0.786647
7,10,1,cobyla_restart,15,0.786647
7,10,1,cobyla_restart,16,0.786647
7,10,1,cobyla_restart,17,0.786647
7,10,1,cobyla_restart,18,0.786647
7,10,1,cobyla_restart,19,0.786647
7,10,2,qiea,0,0.86658
7,10,2,qiea,1,0.8669
7,10,2,qiea,2,0.866875
7,10,2,qiea,3,0.884239
7,10,2,qiea,4,0.869044
7,10,2,qiea,5,0.867329
7,10,2,qiea,6,0.874462
7,10,2,qiea,7,0.868562
7,10,2,qiea,8,0.866407
7,10,2,qiea,9,0.842611
7,10,2,qiea,10,0.884651
7,10,2,qiea,11,0.849157
7,10,2,qiea,12,0.884692
7,10,2,qiea,13,0.868416
7,10,2,qiea,14,0.878355
7,10,2,qiea,15,0.868673
7,10,2,qiea,16,0.848641
7,10,2,qiea,17,0.87813
7,10,2,qiea,18,0.878204
7,10,2,qiea,19,0.877651
7,10,2,cobyla,0,0.84624
7,10,2,cobyla,1,0.86922
7,10,2,cobyla,2,0.86922
7,10,2,cobyla,3,0.846239
7,10,2,cobyla,4,0.884708
7,10,2,cobyla,5,0.84624
7,10,2,cobyla,6,0.84624
7,10,2,cobyla,7,0.884708
7,10,2,cobyla,8,0.86922
7,10,2,cobyla,9,0.84624
7,10,2,cobyla,10,0.884708
7,10,2,cobyla,11,0.884708
7,10,2,cobyla,12,0.884708
7,10,2,cobyla,13,0.884708
7,10,2,cobyla,14,0.86922
7,10,2,cobyla,15,0.86922
7,10,2,cobyla,16,0.86922
7,10,2,cobyla,17,0.84624
7,10,2,cobyla,18,0.84624
7,10,2,cobyla,19,0.86922
7,10,2,random,0,0.862884
7,10,2,random,1,0.856851
7,10,2,random,2,0.870297
7,10,2,random,3,0.879846
7,10,2,random,4,0.861083
7,10,2,random,5,0.8637
7,10,2,random,6,0.863581
7,10,2,random,7,0.866527
7,10,2,random,8,0.854466
7,10,2,random,9,0.859544
7,10,2,random,10,0.850912
7,10,2,random,11,0.855785
7,10,2,random,12,0.85802
7,10,2,random,13,0.87538
7,10,2,random,14,0.86243
7,10,2,random,15,0.873362
7,10,2,random,16,0.871902
7,10,2,random,17,0.856885
7,10,2,random,18,0.855213
7,10,2,random,19,0.848333
7,10,2,cobyla_restart,0,0.884708
7,10,2,cobyla_restart,1,0.884708
7,10,2,cobyla_restart,2,0.884708
7,10,2,cobyla_restart,3,0.884708
7,10,2,cobyla_restart,4,0.884708
7,10,2,cobyla_restart,5,0.884708
7,10,2,cobyla_restart,6,0.884708
7,10,2,cobyla_restart,7,0.884708
7,10,2,cobyla_restart,8,0.884708
7,10,2,cobyla_restart,9,0.884708
7,10,2,cobyla_restart,10,0.884708
7,10,2,cobyla_restart,11,0.884708
7,10,2,cobyla_restart,12,0.884708
7,10,2,cobyla_restart,13,0.884708
7,10,2,cobyla_restart,14,0.884708
7,10,2,cobyla_restart,15,0.884708
7,10,2,cobyla_restart,16,0.884708
7,10,2,cobyla_restart,17,0.884708
7,10,2,cobyla_restart,18,0.884708
7,10,2,cobyla_restart,19,0.884708
8,10,1,qiea,0,0.764711
8,10,1,qiea,1,0.76474
8,10,1,qiea,2,0.764711
8,10,1,qiea,3,0.764597
8,10,1,qiea,4,0.764711
8,10,1,qiea,5,0.76474
8,10,1,qiea,6,0.764035
8,10,1,qiea,7,0.764711
8,10,1,qiea,8,0.764282
8,10,1,qiea,9,0.76474
8,10,1,qiea,10,0.76474
8,10,1,qiea,11,0.76474
8,10,1,qiea,12,0.764597
8,10,1,qiea,13,0.764532
8,10,1,qiea,14,0.764429
8,10,1,qiea,15,0.764711
8,10,1,qiea,16,0.764597
8,10,1,qiea,17,0.764597
8,10,1,qiea,18,0.764367
8,10,1,qiea,19,0.761652
8,10,1,cobyla,0,0.764752
8,10,1,cobyla,1,0.764752
8,10,1,cobyla,2,0.764752
8,10,1,cobyla,3,0.764752
8,10,1,cobyla,4,0.764752
8,10,1,cobyla,5,0.764752
8,10,1,cobyla,6,0.764752
8,10,1,cobyla,7,0.764752
8,10,1,cobyla,8,0.764752
8,10,1,cobyla,9,0.764752
8,10,1,cobyla,10,0.764752
8,10,1,cobyla,11,0.764752
8,10,1,cobyla,12,0.576923
8,10,1,cobyla,13,0.764752
8,10,1,cobyla,14,0.764752
8,10,1,cobyla,15,0.764752
8,10,1,cobyla,16,0.764752
8,10,1,cobyla,17,0.764752
8,10,1,cobyla,18,0.764752
8,10,1,cobyla,19,0.764752
8,10,1,random,0,0.764288
8,10,1,random,1,0.764751
8,10,1,random,2,0.764416
8,10,1,random,3,0.764252
8,10,1,random,4,0.764333
8,10,1,random,5,0.764133
8,10,1,random,6,0.764743
8,10,1,random,7,0.764359
8,10,1,random,8,0.764685
8,10,1,random,9,0.763876
8,10,1,random,10,0.764557
8,10,1,random,11,0.764705
8,10,1,random,12,0.76445
8,10,1,random,13,0.76466
8,10,1,random,14,0.764748
8,10,1,random,15,0.76414
8,10,1,random,16,0.764526
8,10,1,random,17,0.764703
8,10,1,random,18,0.764717
8,10,1,random,19,0.764705
8,10,1,cobyla_restart,0,0.764752
8,10,1,cobyla_restart,1,0.764752
8,10,1,cobyla_restart,2,0.764752
8,10,1,cobyla_restart,3,0.764752
8,10,1,cobyla_restart,4,0.764752
8,10,1,cobyla_restart,5,0.764752
8,10,1,cobyla_restart,6,0.764752
8,10,1,cobyla_restart,7,0.764752
8,10,1,cobyla_restart,8,0.764752
8,10,1,cobyla_restart,9,0.764752
8,10,1,cobyla_restart,10,0.764752
8,10,1,cobyla_restart,11,0.764752
8,10,1,cobyla_restart,12,0.764752
8,10,1,cobyla_restart,13,0.764752
8,10,1,cobyla_restart,14,0.764752
8,10,1,cobyla_restart,15,0.764752
8,10,1,cobyla_restart,16,0.764752
8,10,1,cobyla_restart,17,0.764752
8,10,1,cobyla_restart,18,0.764752
8,10,1,cobyla_restart,19,0.764752
8,10,2,qiea,0,0.827736
8,10,2,qiea,1,0.835659
8,10,2,qiea,2,0.825341
8,10,2,qiea,3,0.834788
8,10,2,qiea,4,0.826496
8,10,2,qiea,5,0.835396
8,10,2,qiea,6,0.821469
8,10,2,qiea,7,0.826508
8,10,2,qiea,8,0.809553
8,10,2,qiea,9,0.815738
8,10,2,qiea,10,0.8354
8,10,2,qiea,11,0.813351
8,10,2,qiea,12,0.809049
8,10,2,qiea,13,0.826642
8,10,2,qiea,14,0.817392
8,10,2,qiea,15,0.81044
8,10,2,qiea,16,0.820744
8,10,2,qiea,17,0.825194
8,10,2,qiea,18,0.809548
8,10,2,qiea,19,0.828601
8,10,2,cobyla,0,0.817538
8,10,2,cobyla,1,0.827763
8,10,2,cobyla,2,0.836036
8,10,2,cobyla,3,0.817538
8,10,2,cobyla,4,0.836036
8,10,2,cobyla,5,0.836036
8,10,2,cobyla,6,0.817538
8,10,2,cobyla,7,0.827763
8,10,2,cobyla,8,0.827763
8,10,2,cobyla,9,0.817538
8,10,2,cobyla,10,0.836036
8,10,2,cobyla,11,0.827763
8,10,2,cobyla,12,0.817538
8,10,2,cobyla,13,0.836036
8,10,2,cobyla,14,0.827763
8,10,2,cobyla,15,0.827763
8,10,2,cobyla,16,0.836036
8,10,2,cobyla,17,0.817538
8,10,2,cobyla,18,0.827763
8,10,2,cobyla,19,0.827763
8,10,2,random,0,0.821321
8,10,2,random,1,0.831534
8,10,2,random,2,0.821246
8,10,2,random,3,0.832205
8,10,2,random,4,0.817957
8,10,2,random,5,0.827582
8,10,2,random,6,0.823474
8,10,2,random,7,0.807521
8,10,2,random,8,0.818435
8,10,2,random,9,0.828734
8,10,2,random,10,0.822945
8,10,2,random,11,0.813139
8,10,2,random,12,0.819252
8,10,2,random,13,0.828715
8,10,2,random,14,0.814036
8,10,2,random,15,0.820522
8,10,2,random,16,0.82554
8,10,2,random,17,0.818641
8,10,2,random,18,0.824136
8,10,2,random,19,0.818352
8,10,2,cobyla_restart,0,0.836036
8,10,2,cobyla_restart,1,0.836036
8,10,2,cobyla_restart,2,0.836036
8,10,2,cobyla_restart,3,0.836036
8,10,2,cobyla_restart,4,0.836036
8,10,2,cobyla_restart,5,0.836036
8,10,2,cobyla_restart,6,0.836036
8,10,2,cobyla_restart,7,0.836036
8,10,2,cobyla_restart,8,0.836036
8,10,2,cobyla_restart,9,0.836036
8,10,2,cobyla_restart,10,0.836036
8,10,2,cobyla_restart,11,0.836036
8,10,2,cobyla_restart,12,0.836036
8,10,2,cobyla_restart,13,0.836036
8,10,2,cobyla_restart,14,0.836036
8,10,2,cobyla_restart,15,0.836036
8,10,2,cobyla_restart,16,0.836036
8,10,2,cobyla_restart,17,0.836036
8,10,2,cobyla_restart,18,0.836036
8,10,2,cobyla_restart,19,0.836036
9,10,1,qiea,0,0.774954
9,10,1,qiea,1,0.775174
9,10,1,qiea,2,0.775111
9,10,1,qiea,3,0.775211
9,10,1,qiea,4,0.774966
9,10,1,qiea,5,0.775111
9,10,1,qiea,6,0.775065
9,10,1,qiea,7,0.775245
9,10,1,qiea,8,0.775065
9,10,1,qiea,9,0.775198
9,10,1,qiea,10,0.775198
9,10,1,qiea,11,0.775174
9,10,1,qiea,12,0.774954
9,10,1,qiea,13,0.775211
9,10,1,qiea,14,0.774966
9,10,1,qiea,15,0.775111
9,10,1,qiea,16,0.774954
9,10,1,qiea,17,0.775111
9,10,1,qiea,18,0.775245
9,10,1,qiea,19,0.773731
9,10,1,cobyla,0,0.775255
9,10,1,cobyla,1,0.775255
9,10,1,cobyla,2,0.775255
9,10,1,cobyla,3,0.775255
9,10,1,cobyla,4,0.775255
9,10,1,cobyla,5,0.775255
9,10,1,cobyla,6,0.775255
9,10,1,cobyla,7,0.775255
9,10,1,cobyla,8,0.775255
9,10,1,cobyla,9,0.775255
9,10,1,cobyla,10,0.775255
9,10,1,cobyla,11,0.775255
9,10,1,cobyla,12,0.576923
9,10,1,cobyla,13,0.775255
9,10,1,cobyla,14,0.775255
9,10,1,cobyla,15,0.775255
9,10,1,cobyla,16,0.775255
9,10,1,cobyla,17,0.775255
9,10,1,cobyla,18,0.775255
9,10,1,cobyla,19,0.775255
9,10,1,random,0,0.774312
9,10,1,random,1,0.77491
9,10,1,random,2,0.775105
9,10,1,random,3,0.775202
9,10,1,random,4,0.773769
9,10,1,random,5,0.774296
9,10,1,random,6,0.775223
9,10,1,random,7,0.774951
9,10,1,random,8,0.775178
9,10,1,random,9,0.774836
9,10,1,random,10,0.775203
9,10,1,random,11,0.775246
9,10,1,random,12,0.775248
9,10,1,random,13,0.77524
9,10,1,random,14,0.775154
9,10,1,random,15,0.774241
9,10,1,random,16,0.77504
9,10,1,random,17,0.774906
9,10,1,random,18,0.775004
9,10,1,random,19,0.774812
9,10,1,cobyla_restart,0,0.775255
9,10,1,cobyla_restart,1,0.775255
9,10,1,cobyla_restart,2,0.775255
9,10,1,cobyla_restart,3,0.775255
9,10,1,cobyla_restart,4,0.775255
9,10,1,cobyla_restart,5,0.775255
9,10,1,cobyla_restart,6,0.775255
9,10,1,cobyla_restart,7,0.775255
9,10,1,cobyla_restart,8,0.775255
9,10,1,cobyla_restart,9,0.775255
9,10,1,cobyla_restart,10,0.775255
9,10,1,cobyla_restart,11,0.775255
9,10,1,cobyla_restart,12,0.775255
9,10,1,cobyla_restart,13,0.775255
9,10,1,cobyla_restart,14,0.775255
9,10,1,cobyla_restart,15,0.775255
9,10,1,cobyla_restart,16,0.775255
9,10,1,cobyla_restart,17,0.775255
9,10,1,cobyla_restart,18,0.775255
9,10,1,cobyla_restart,19,0.775255
9,10,2,qiea,0,0.845977
9,10,2,qiea,1,0.837327
9,10,2,qiea,2,0.833586
9,10,2,qiea,3,0.850596
9,10,2,qiea,4,0.836029
9,10,2,qiea,5,0.850689
9,10,2,qiea,6,0.840742
9,10,2,qiea,7,0.83568
9,10,2,qiea,8,0.824095
9,10,2,qiea,9,0.825206
9,10,2,qiea,10,0.85063
9,10,2,qiea,11,0.82161
9,10,2,qiea,12,0.817721
9,10,2,qiea,13,0.83071
9,10,2,qiea,14,0.828565
9,10,2,qiea,15,0.830268
9,10,2,qiea,16,0.850594
9,10,2,qiea,17,0.824722
9,10,2,qiea,18,0.818614
9,10,2,qiea,19,0.842384
9,10,2,cobyla,0,0.828702
9,10,2,cobyla,1,0.83623
9,10,2,cobyla,2,0.851031
9,10,2,cobyla,3,0.828702
9,10,2,cobyla,4,0.851031
9,10,2,cobyla,5,0.828702
9,10,2,cobyla,6,0.828702
9,10,2,cobyla,7,0.83623
9,10,2,cobyla,8,0.83623
9,10,2,cobyla,9,0.828702
9,10,2,cobyla,10,0.851031
9,10,2,cobyla,11,0.851031
9,10,2,cobyla,12,0.851031
9,10,2,cobyla,13,0.851031
9,10,2,cobyla,14,0.836231
9,10,2,cobyla,15,0.851031
9,10,2,cobyla,16,0.851031
9,10,2,cobyla,17,0.828702
9,10,2,cobyla,18,0.828702
9,10,2,cobyla,19,0.83623
9,10,2,random,0,0.841843
9,10,2,random,1,0.843203
9,10,2,random,2,0.830461
9,10,2,random,3,0.846871
9,10,2,random,4,0.827931
9,10,2,random,5,0.840023
9,10,2,random,6,0.8318
9,10,2,random,7,0.823219
9,10,2,random,8,0.832607
9,10,2,random,9,0.841009
9,10,2,random,10,0.832503
9,10,2,random,11,0.823843
9,10,2,random,12,0.829139
9,10,2,random,13,0.84186
9,10,2,random,14,0.823272
9,10,2,random,15,0.829102
9,10,2,random,16,0.842281
9,10,2,random,17,0.828813
9,10,2,random,18,0.836079
9,10,2,random,19,0.82594
9,10,2,cobyla_restart,0,0.851031
9,10,2,cobyla_restart,1,0.851031
9,10,2,cobyla_restart,2,0.851031
9,10,2,cobyla_restart,3,0.851031
9,10,2,cobyla_restart,4,0.851031
9,10,2,cobyla_restart,5,0.851031
9,10,2,cobyla_restart,6,0.851031
9,10,2,cobyla_restart,7,0.851031
9,10,2,cobyla_restart,8,0.851031
9,10,2,cobyla_restart,9,0.851031
9,10,2,cobyla_restart,10,0.851031
9,10,2,cobyla_restart,11,0.851031
9,10,2,cobyla_restart,12,0.851031
9,10,2,cobyla_restart,13,0.851031
9,10,2,cobyla_restart,14,0.851031
9,10,2,cobyla_restart,15,0.851031
9,10,2,cobyla_restart,16,0.851031
9,10,2,cobyla_restart,17,0.851031
9,10,2,cobyla_restart,18,0.851031
9,10,2,cobyla_restart,19,0.851031
10,12,1,qiea,0,0.768239
10,12,1,qiea,1,0.76883
10,12,1,qiea,2,0.768874
10,12,1,qiea,3,0.767767
10,12,1,qiea,4,0.768045
10,12,1,qiea,5,0.768918
10,12,1,qiea,6,0.76883
10,12,1,qiea,7,0.76883
10,12,1,qiea,8,0.767767
10,12,1,qiea,9,0.768527
10,12,1,qiea,10,0.768527
10,12,1,qiea,11,0.768527
10,12,1,qiea,12,0.76883
10,12,1,qiea,13,0.76883
10,12,1,qiea,14,0.768918
10,12,1,qiea,15,0.768918
10,12,1,qiea,16,0.76883
10,12,1,qiea,17,0.768918
10,12,1,qiea,18,0.768874
10,12,1,qiea,19,0.768611
10,12,1,cobyla,0,0.76892
10,12,1,cobyla,1,0.76892
10,12,1,cobyla,2,0.76892
10,12,1,cobyla,3,0.76892
10,12,1,cobyla,4,0.76892
10,12,1,cobyla,5,0.76892
10,12,1,cobyla,6,0.76892
10,12,1,cobyla,7,0.76892
10,12,1,cobyla,8,0.76892
10,12,1,cobyla,9,0.76892
10,12,1,cobyla,10,0.76892
10,12,1,cobyla,11,0.76892
10,12,1,cobyla,12,0.5625
10,12,1,cobyla,13,0.76892
10,12,1,cobyla,14,0.76892
10,12,1,cobyla,15,0.76892
10,12,1,cobyla,16,0.76892
10,12,1,cobyla,17,0.76892
10,12,1,cobyla,18,0.76892
10,12,1,cobyla,19,0.76892
10,12,1,random,0,0.768861
10,12,1,random,1,0.768771
10,12,1,random,2,0.76886
10,12,1,random,3,0.76858
10,12,1,random,4,0.768629
10,12,1,random,5,0.768007
10,12,1,random,6,0.768567
10,12,1,random,7,0.767626
10,12,1,random,8,0.768852
10,12,1,random,9,0.768846
10,12,1,random,10,0.768036
10,12,1,random,11,0.768364
10,12,1,random,12,0.76885
10,12,1,random,13,0.768909
10,12,1,random,14,0.768838
10,12,1,random,15,0.76861
10,12,1,random,16,0.768557
10,12,1,random,17,0.768694
10,12,1,random,18,0.768907
10,12,1,random,19,0.768663
10,12,1,cobyla_restart,0,0.76892
10,12,1,cobyla_restart,1,0.76892
10,12,1,cobyla_restart,2,0.76892
10,12,1,cobyla_restart,3,0.76892
10,12,1,cobyla_restart,4,0.76892
10,12,1,cobyla_restart,5,0.76892
10,12,1,cobyla_restart,6,0.76892
10,12,1,cobyla_restart,7,0.76892
10,12,1,cobyla_restart,8,0.76892
10,12,1,cobyla_restart,9,0.76892
10,12,1,cobyla_restart,10,0.76892
10,12,1,cobyla_restart,11,0.76892
10,12,1,cobyla_restart,12,0.76892
10,12,1,cobyla_restart,13,0.76892
10,12,1,cobyla_restart,14,0.76892
10,12,1,cobyla_restart,15,0.76892
10,12,1,cobyla_restart,16,0.76892
10,12,1,cobyla_restart,17,0.76892
10,12,1,cobyla_restart,18,0.76892
10,12,1,cobyla_restart,19,0.76892
10,12,2,qiea,0,0.849953
10,12,2,qiea,1,0.850077
10,12,2,qiea,2,0.849955
10,12,2,qiea,3,0.866902
10,12,2,qiea,4,0.852196
10,12,2,qiea,5,0.850474
10,12,2,qiea,6,0.857358
10,12,2,qiea,7,0.85188
10,12,2,qiea,8,0.850022
10,12,2,qiea,9,0.824807
10,12,2,qiea,10,0.866583
10,12,2,qiea,11,0.831743
10,12,2,qiea,12,0.867342
10,12,2,qiea,13,0.851831
10,12,2,qiea,14,0.85204
10,12,2,qiea,15,0.851749
10,12,2,qiea,16,0.832168
10,12,2,qiea,17,0.861344
10,12,2,qiea,18,0.861419
10,12,2,qiea,19,0.860289
10,12,2,cobyla,0,0.828426
10,12,2,cobyla,1,0.85242
10,12,2,cobyla,2,0.828425
10,12,2,cobyla,3,0.828425
10,12,2,cobyla,4,0.867403
10,12,2,cobyla,5,0.828425
10,12,2,cobyla,6,0.828426
10,12,2,cobyla,7,0.867403
10,12,2,cobyla,8,0.85242
10,12,2,cobyla,9,0.828426
10,12,2,cobyla,10,0.867403
10,12,2,cobyla,11,0.867403
10,12,2,cobyla,12,0.867403
10,12,2,cobyla,13,0.867403
10,12,2,cobyla,14,0.85242
10,12,2,cobyla,15,0.85242
10,12,2,cobyla,16,0.867403
10,12,2,cobyla,17,0.828426
10,12,2,cobyla,18,0.828425
10,12,2,cobyla,19,0.85242
10,12,2,random,0,0.846398
10,12,2,random,1,0.836825
10,12,2,random,2,0.853768
10,12,2,random,3,0.861867
10,12,2,random,4,0.844176
10,12,2,random,5,0.845144
10,12,2,random,6,0.846439
10,12,2,random,7,0.85114
10,12,2,random,8,0.836959
10,12,2,random,9,0.839868
10,12,2,random,10,0.834147
10,12,2,random,11,0.839415
10,12,2,random,12,0.841114
10,12,2,random,13,0.857722
10,12,2,random,14,0.846546
10,12,2,random,15,0.857602
10,12,2,random,16,0.852958
10,12,2,random,17,0.839304
10,12,2,random,18,0.839434
10,12,2,random,19,0.830236
10,12,2,cobyla_restart,0,0.867403
10,12,2,cobyla_restart,1,0.867403
10,12,2,cobyla_restart,2,0.867403
10,12,2,cobyla_restart,3,0.867403
10,12,2,cobyla_restart,4,0.867403
10,12,2,cobyla_restart,5,0.867403
10,12,2,cobyla_restart,6,0.867403
10,12,2,cobyla_restart,7,0.867403
10,12,2,cobyla_restart,8,0.867403
10,12,2,cobyla_restart,9,0.867403
10,12,2,cobyla_restart,10,0.867403
10,12,2,cobyla_restart,11,0.867403
10,12,2,cobyla_restart,12,0.867403
10,12,2,cobyla_restart,13,0.867403
10,12,2,cobyla_restart,14,0.867403
10,12,2,cobyla_restart,15,0.867403
10,12,2,cobyla_restart,16,0.867403
10,12,2,cobyla_restart,17,0.867403
10,12,2,cobyla_restart,18,0.867403
10,12,2,cobyla_restart,19,0.867403
11,12,1,qiea,0,0.768239
11,12,1,qiea,1,0.76883
11,12,1,qiea,2,0.768874
11,12,1,qiea,3,0.767767
11,12,1,qiea,4,0.768045
11,12,1,qiea,5,0.768918
11,12,1,qiea,6,0.76883
11,12,1,qiea,7,0.76883
11,12,1,qiea,8,0.767767
11,12,1,qiea,9,0.768527
11,12,1,qiea,10,0.768527
11,12,1,qiea,11,0.768527
11,12,1,qiea,12,0.76883
11,12,1,qiea,13,0.76883
11,12,1,qiea,14,0.768918
11,12,1,qiea,15,0.768918
11,12,1,qiea,16,0.76883
11,12,1,qiea,17,0.768918
11,12,1,qiea,18,0.768874
11,12,1,qiea,19,0.768611
11,12,1,cobyla,0,0.76892
11,12,1,cobyla,1,0.76892
11,12,1,cobyla,2,0.76892
11,12,1,cobyla,3,0.76892
11,12,1,cobyla,4,0.76892
11,12,1,cobyla,5,0.76892
11,12,1,cobyla,6,0.76892
11,12,1,cobyla,7,0.76892
11,12,1,cobyla,8,0.76892
11,12,1,cobyla,9,0.76892
11,12,1,cobyla,10,0.76892
11,12,1,cobyla,11,0.76892
11,12,1,cobyla,12,0.5625
11,12,1,cobyla,13,0.76892
11,12,1,cobyla,14,0.76892
11,12,1,cobyla,15,0.76892
11,12,1,cobyla,16,0.76892
11,12,1,cobyla,17,0.76892
11,12,1,cobyla,18,0.76892
11,12,1,cobyla,19,0.76892
11,12,1,random,0,0.768861
11,12,1,random,1,0.768771
11,12,1,random,2,0.76886
11,12,1,random,3,0.76858
11,12,1,random,4,0.768629
11,12,1,random,5,0.768007
11,12,1,random,6,0.768567
11,12,1,random,7,0.767626
11,12,1,random,8,0.768852
11,12,1,random,9,0.768846
11,12,1,random,10,0.768036
11,12,1,random,11,0.768364
11,12,1,random,12,0.76885
11,12,1,random,13,0.768909
11,12,1,random,14,0.768838
11,12,1,random,15,0.76861
11,12,1,random,16,0.768557
11,12,1,random,17,0.768694
11,12,1,random,18,0.768907
11,12,1,random,19,0.768663
11,12,1,cobyla_restart,0,0.76892
11,12,1,cobyla_restart,1,0.76892
11,12,1,cobyla_restart,2,0.76892
11,12,1,cobyla_restart,3,0.76892
11,12,1,cobyla_restart,4,0.76892
11,12,1,cobyla_restart,5,0.76892
11,12,1,cobyla_restart,6,0.76892
11,12,1,cobyla_restart,7,0.76892
11,12,1,cobyla_restart,8,0.76892
11,12,1,cobyla_restart,9,0.76892
11,12,1,cobyla_restart,10,0.76892
11,12,1,cobyla_restart,11,0.76892
11,12,1,cobyla_restart,12,0.76892
11,12,1,cobyla_restart,13,0.76892
11,12,1,cobyla_restart,14,0.76892
11,12,1,cobyla_restart,15,0.76892
11,12,1,cobyla_restart,16,0.76892
11,12,1,cobyla_restart,17,0.76892
11,12,1,cobyla_restart,18,0.76892
11,12,1,cobyla_restart,19,0.76892
11,12,2,qiea,0,0.828592
11,12,2,qiea,1,0.835811
11,12,2,qiea,2,0.834555
11,12,2,qiea,3,0.847347
11,12,2,qiea,4,0.837741
11,12,2,qiea,5,0.82625
11,12,2,qiea,6,0.847526
11,12,2,qiea,7,0.837522
11,12,2,qiea,8,0.812924
11,12,2,qiea,9,0.817713
11,12,2,qiea,10,0.847347
11,12,2,qiea,11,0.823171
11,12,2,qiea,12,0.818094
11,12,2,qiea,13,0.836042
11,12,2,qiea,14,0.841969
11,12,2,qiea,15,0.829366
11,12,2,qiea,16,0.820866
11,12,2,qiea,17,0.81427
11,12,2,qiea,18,0.820954
11,12,2,qiea,19,0.8432
11,12,2,cobyla,0,0.821511
11,12,2,cobyla,1,0.837901
11,12,2,cobyla,2,0.847589
11,12,2,cobyla,3,0.821511
11,12,2,cobyla,4,0.847589
11,12,2,cobyla,5,0.821511
11,12,2,cobyla,6,0.821511
11,12,2,cobyla,7,0.837901
11,12,2,cobyla,8,0.837901
11,12,2,cobyla,9,0.821511
11,12,2,cobyla,10,0.847589
11,12,2,cobyla,11,0.847589
11,12,2,cobyla,12,0.837901
11,12,2,cobyla,13,0.821511
11,12,2,cobyla,14,0.837901
11,12,2,cobyla,15,0.837901
11,12,2,cobyla,16,0.837901
11,12,2,cobyla,17,0.821511
11,12,2,cobyla,18,0.821511
11,12,2,cobyla,19,0.837901
11,12,2,random,0,0.832492
11,12,2,random,1,0.830787
11,12,2,random,2,0.833031
11,12,2,random,3,0.846262
11,12,2,random,4,0.831104
11,12,2,random,5,0.834612
11,12,2,random,6,0.833769
11,12,2,random,7,0.824716
11,12,2,random,8,0.826623
11,12,2,random,9,0.830023
11,12,2,random,10,0.821176
11,12,2,random,11,0.82457
11,12,2,random,12,0.827936
11,12,2,random,13,0.842476
11,12,2,random,14,0.828596
11,12,2,random,15,0.831595
11,12,2,random,16,0.837113
11,12,2,random,17,0.828119
11,12,2,random,18,0.823634
11,12,2,random,19,0.822111
11,12,2,cobyla_restart,0,0.847589
11,12,2,cobyla_restart,1,0.847589
11,12,2,cobyla_restart,2,0.847589
11,12,2,cobyla_restart,3,0.847589
11,12,2,cobyla_restart,4,0.847589
11,12,2,cobyla_restart,5,0.847589
11,12,2,cobyla_restart,6,0.847589
11,12,2,cobyla_restart,7,0.847589
11,12,2,cobyla_restart,8,0.847589
11,12,2,cobyla_restart,9,0.847589
11,12,2,cobyla_restart,10,0.847589
11,12,2,cobyla_restart,11,0.847589
11,12,2,cobyla_restart,12,0.847589
11,12,2,cobyla_restart,13,0.847589
11,12,2,cobyla_restart,14,0.847589
11,12,2,cobyla_restart,15,0.847589
11,12,2,cobyla_restart,16,0.847589
11,12,2,cobyla_restart,17,0.847589
11,12,2,cobyla_restart,18,0.847589
11,12,2,cobyla_restart,19,0.847589
12,12,1,qiea,0,0.750517
12,12,1,qiea,1,0.750642
12,12,1,qiea,2,0.750517
12,12,1,qiea,3,0.750592
12,12,1,qiea,4,0.750517
12,12,1,qiea,5,0.750371
12,12,1,qiea,6,0.750371
12,12,1,qiea,7,0.750592
12,12,1,qiea,8,0.750371
12,12,1,qiea,9,0.750642
12,12,1,qiea,10,0.750642
12,12,1,qiea,11,0.750642
12,12,1,qiea,12,0.750517
12,12,1,qiea,13,0.750592
12,12,1,qiea,14,0.749956
12,12,1,qiea,15,0.749762
12,12,1,qiea,16,0.750517
12,12,1,qiea,17,0.750371
12,12,1,qiea,18,0.750517
12,12,1,qiea,19,0.748416
12,12,1,cobyla,0,0.750649
12,12,1,cobyla,1,0.750649
12,12,1,cobyla,2,0.750649
12,12,1,cobyla,3,0.750649
12,12,1,cobyla,4,0.750649
12,12,1,cobyla,5,0.750649
12,12,1,cobyla,6,0.750649
12,12,1,cobyla,7,0.750649
12,12,1,cobyla,8,0.750649
12,12,1,cobyla,9,0.750649
12,12,1,cobyla,10,0.750649
12,12,1,cobyla,11,0.750649
12,12,1,cobyla,12,0.5625
12,12,1,cobyla,13,0.750649
12,12,1,cobyla,14,0.750649
12,12,1,cobyla,15,0.750649
12,12,1,cobyla,16,0.750649
12,12,1,cobyla,17,0.750649
12,12,1,cobyla,18,0.750649
12,12,1,cobyla,19,0.750649
12,12,1,random,0,0.74978
12,12,1,random,1,0.750567
12,12,1,random,2,0.750214
12,12,1,random,3,0.750369
12,12,1,random,4,0.749788
12,12,1,random,5,0.749984
12,12,1,random,6,0.750594
12,12,1,random,7,0.750414
12,12,1,random,8,0.750411
12,12,1,random,9,0.74985
12,12,1,random,10,0.750589
12,12,1,random,11,0.750609
12,12,1,random,12,0.75048
12,12,1,random,13,0.750634
12,12,1,random,14,0.750581
12,12,1,random,15,0.749519
12,12,1,random,16,0.750539
12,12,1,random,17,0.750559
12,12,1,random,18,0.75052
12,12,1,random,19,0.750515
12,12,1,cobyla_restart,0,0.750649
12,12,1,cobyla_restart,1,0.750649
12,12,1,cobyla_restart,2,0.750649
12,12,1,cobyla_restart,3,0.750649
12,12,1,cobyla_restart,4,0.750649
12,12,1,cobyla_restart,5,0.750649
12,12,1,cobyla_restart,6,0.750649
12,12,1,cobyla_restart,7,0.750649
12,12,1,cobyla_restart,8,0.750649
12,12,1,cobyla_restart,9,0.750649
12,12,1,cobyla_restart,10,0.750649
12,12,1,cobyla_restart,11,0.750649
12,12,1,cobyla_restart,12,0.750649
12,12,1,cobyla_restart,13,0.750649
12,12,1,cobyla_restart,14,0.750649
12,12,1,cobyla_restart,15,0.750649
12,12,1,cobyla_restart,16,0.750649
12,12,1,cobyla_restart,17,0.750649
12,12,1,cobyla_restart,18,0.750649
12,12,1,cobyla_restart,19,0.750649
12,12,2,qiea,0,0.781047
12,12,2,qiea,1,0.795781
12,12,2,qiea,2,0.811147
12,12,2,qiea,3,0.820017
12,12,2,qiea,4,0.812701
12,12,2,qiea,5,0.820489
12,12,2,qiea,6,0.815989
12,12,2,qiea,7,0.813003
12,12,2,qiea,8,0.794175
12,12,2,qiea,9,0.794876
12,12,2,qiea,10,0.820471
12,12,2,qiea,11,0.796817
12,12,2,qiea,12,0.794236
12,12,2,qiea,13,0.8127
12,12,2,qiea,14,0.80155
12,12,2,qiea,15,0.795542
12,12,2,qiea,16,0.820699
12,12,2,qiea,17,0.814282
12,12,2,qiea,18,0.795474
12,12,2,qiea,19,0.813945
12,12,2,cobyla,0,0.801561
12,12,2,cobyla,1,0.813809
12,12,2,cobyla,2,0.820729
12,12,2,cobyla,3,0.801561
12,12,2,cobyla,4,0.820729
12,12,2,cobyla,5,0.801561
12,12,2,cobyla,6,0.801561
12,12,2,cobyla,7,0.813809
12,12,2,cobyla,8,0.813809
12,12,2,cobyla,9,0.820729
12,12,2,cobyla,10,0.820729
12,12,2,cobyla,11,0.820729
12,12,2,cobyla,12,0.820729
12,12,2,cobyla,13,0.820729
12,12,2,cobyla,14,0.813809
12,12,2,cobyla,15,0.813809
12,12,2,cobyla,16,0.820729
12,12,2,cobyla,17,0.801561
12,12,2,cobyla,18,0.813808
12,12,2,cobyla,19,0.813809
12,12,2,random,0,0.807723
12,12,2,random,1,0.813939
12,12,2,random,2,0.807727
12,12,2,random,3,0.818225
12,12,2,random,4,0.804727
12,12,2,random,5,0.812278
12,12,2,random,6,0.809448
12,12,2,random,7,0.794483
12,12,2,random,8,0.804458
12,12,2,random,9,0.811133
12,12,2,random,10,0.804021
12,12,2,random,11,0.798402
12,12,2,random,12,0.805571
12,12,2,random,13,0.814303
12,12,2,random,14,0.802214
12,12,2,random,15,0.806814
12,12,2,random,16,0.81069
12,12,2,random,17,0.802943
12,12,2,random,18,0.80735
12,12,2,random,19,0.802904
12,12,2,cobyla_restart,0,0.820729
12,12,2,cobyla_restart,1,0.820729
12,12,2,cobyla_restart,2,0.820729
12,12,2,cobyla_restart,3,0.820729
12,12,2,cobyla_restart,4,0.820729
12,12,2,cobyla_restart,5,0.820729
12,12,2,cobyla_restart,6,0.820729
12,12,2,cobyla_restart,7,0.820729
12,12,2,cobyla_restart,8,0.820729
12,12,2,cobyla_restart,9,0.820729
12,12,2,cobyla_restart,10,0.820729
12,12,2,cobyla_restart,11,0.820729
12,12,2,cobyla_restart,12,0.820729
12,12,2,cobyla_restart,13,0.820729
12,12,2,cobyla_restart,14,0.820729
12,12,2,cobyla_restart,15,0.820729
12,12,2,cobyla_restart,16,0.820729
12,12,2,cobyla_restart,17,0.820729
12,12,2,cobyla_restart,18,0.820729
12,12,2,cobyla_restart,19,0.820729
13,12,1,qiea,0,0.768239
13,12,1,qiea,1,0.76883
13,12,1,qiea,2,0.768874
13,12,1,qiea,3,0.767767
13,12,1,qiea,4,0.768045
13,12,1,qiea,5,0.768918
13,12,1,qiea,6,0.76883
13,12,1,qiea,7,0.76883
13,12,1,qiea,8,0.767767
13,12,1,qiea,9,0.768527
13,12,1,qiea,10,0.768527
13,12,1,qiea,11,0.768527
13,12,1,qiea,12,0.76883
13,12,1,qiea,13,0.76883
13,12,1,qiea,14,0.768918
13,12,1,qiea,15,0.768918
13,12,1,qiea,16,0.76883
13,12,1,qiea,17,0.768918
13,12,1,qiea,18,0.768874
13,12,1,qiea,19,0.768611
13,12,1,cobyla,0,0.76892
13,12,1,cobyla,1,0.76892
13,12,1,cobyla,2,0.76892
13,12,1,cobyla,3,0.76892
13,12,1,cobyla,4,0.76892
13,12,1,cobyla,5,0.76892
13,12,1,cobyla,6,0.76892
13,12,1,cobyla,7,0.76892
13,12,1,cobyla,8,0.76892
13,12,1,cobyla,9,0.76892
13,12,1,cobyla,10,0.76892
13,12,1,cobyla,11,0.76892
13,12,1,cobyla,12,0.5625
13,12,1,cobyla,13,0.76892
13,12,1,cobyla,14,0.76892
13,12,1,cobyla,15,0.76892
13,12,1,cobyla,16,0.76892
13,12,1,cobyla,17,0.76892
13,12,1,cobyla,18,0.76892
13,12,1,cobyla,19,0.76892
13,12,1,random,0,0.768861
13,12,1,random,1,0.768771
13,12,1,random,2,0.76886
13,12,1,random,3,0.76858
13,12,1,random,4,0.768629
13,12,1,random,5,0.768007
13,12,1,random,6,0.768567
13,12,1,random,7,0.767626
13,12,1,random,8,0.768852
13,12,1,random,9,0.768846
13,12,1,random,10,0.768036
13,12,1,random,11,0.768364
13,12,1,random,12,0.76885
13,12,1,random,13,0.768909
13,12,1,random,14,0.768838
13,12,1,random,15,0.76861
13,12,1,random,16,0.768557
13,12,1,random,17,0.768694
13,12,1,random,18,0.768907
13,12,1,random,19,0.768663
13,12,1,cobyla_restart,0,0.76892
13,12,1,cobyla_restart,1,0.76892
13,12,1,cobyla_restart,2,0.76892
13,12,1,cobyla_restart,3,0.76892
13,12,1,cobyla_restart,4,0.76892
13,12,1,cobyla_restart,5,0.76892
13,12,1,cobyla_restart,6,0.76892
13,12,1,cobyla_restart,7,0.76892
13,12,1,cobyla_restart,8,0.76892
13,12,1,cobyla_restart,9,0.76892
13,12,1,cobyla_restart,10,0.76892
13,12,1,cobyla_restart,11,0.76892
13,12,1,cobyla_restart,12,0.76892
13,12,1,cobyla_restart,13,0.76892
13,12,1,cobyla_restart,14,0.76892
13,12,1,cobyla_restart,15,0.76892
13,12,1,cobyla_restart,16,0.76892
13,12,1,cobyla_restart,17,0.76892
13,12,1,cobyla_restart,18,0.76892
13,12,1,cobyla_restart,19,0.76892
13,12,2,qiea,0,0.824594
13,12,2,qiea,1,0.833216
13,12,2,qiea,2,0.830486
13,12,2,qiea,3,0.84181
13,12,2,qiea,4,0.833498
13,12,2,qiea,5,0.830675
13,12,2,qiea,6,0.841942
13,12,2,qiea,7,0.83333
13,12,2,qiea,8,0.811889
13,12,2,qiea,9,0.815676
13,12,2,qiea,10,0.841826
13,12,2,qiea,11,0.818809
13,12,2,qiea,12,0.814783
13,12,2,qiea,13,0.831962
13,12,2,qiea,14,0.836429
13,12,2,qiea,15,0.831093
13,12,2,qiea,16,0.817213
13,12,2,qiea,17,0.810865
13,12,2,qiea,18,0.817192
13,12,2,qiea,19,0.836454
13,12,2,cobyla,0,0.819651
13,12,2,cobyla,1,0.833684
13,12,2,cobyla,2,0.842064
13,12,2,cobyla,3,0.819651
13,12,2,cobyla,4,0.842064
13,12,2,cobyla,5,0.819651
13,12,2,cobyla,6,0.819651
13,12,2,cobyla,7,0.842064
13,12,2,cobyla,8,0.833684
13,12,2,cobyla,9,0.819651
13,12,2,cobyla,10,0.842064
13,12,2,cobyla,11,0.842064
13,12,2,cobyla,12,0.819651
13,12,2,cobyla,13,0.819651
13,12,2,cobyla,14,0.833684
13,12,2,cobyla,15,0.842064
13,12,2,cobyla,16,0.842064
13,12,2,cobyla,17,0.819651
13,12,2,cobyla,18,0.819651
13,12,2,cobyla,19,0.833684
13,12,2,random,0,0.830018
13,12,2,random,1,0.828209
13,12,2,random,2,0.827551
13,12,2,random,3,0.840959
13,12,2,random,4,0.826731
13,12,2,random,5,0.830894
13,12,2,random,6,0.829434
13,12,2,random,7,0.820818
13,12,2,random,8,0.823422
13,12,2,random,9,0.825963
13,12,2,random,10,0.816626
13,12,2,random,11,0.820067
13,12,2,random,12,0.824007
13,12,2,random,13,0.836771
13,12,2,random,14,0.823805
13,12,2,random,15,0.826916
13,12,2,random,16,0.831722
13,12,2,random,17,0.824063
13,12,2,random,18,0.822438
13,12,2,random,19,0.819168
13,12,2,cobyla_restart,0,0.842064
13,12,2,cobyla_restart,1,0.842064
13,12,2,cobyla_restart,2,0.842064
13,12,2,cobyla_restart,3,0.842064
13,12,2,cobyla_restart,4,0.842064
13,12,2,cobyla_restart,5,0.842064
13,12,2,cobyla_restart,6,0.842064
13,12,2,cobyla_restart,7,0.842064
13,12,2,cobyla_restart,8,0.842064
13,12,2,cobyla_restart,9,0.842064
13,12,2,cobyla_restart,10,0.842064
13,12,2,cobyla_restart,11,0.842064
13,12,2,cobyla_restart,12,0.842064
13,12,2,cobyla_restart,13,0.842064
13,12,2,cobyla_restart,14,0.842064
13,12,2,cobyla_restart,15,0.842064
13,12,2,cobyla_restart,16,0.842064
13,12,2,cobyla_restart,17,0.842064
13,12,2,cobyla_restart,18,0.842064
13,12,2,cobyla_restart,19,0.842064
14,12,1,qiea,0,0.750517
14,12,1,qiea,1,0.750642
14,12,1,qiea,2,0.750517
14,12,1,qiea,3,0.750592
14,12,1,qiea,4,0.750517
14,12,1,qiea,5,0.750371
14,12,1,qiea,6,0.750371
14,12,1,qiea,7,0.750592
14,12,1,qiea,8,0.750371
14,12,1,qiea,9,0.750642
14,12,1,qiea,10,0.750642
14,12,1,qiea,11,0.750642
14,12,1,qiea,12,0.750517
14,12,1,qiea,13,0.750592
14,12,1,qiea,14,0.749956
14,12,1,qiea,15,0.749762
14,12,1,qiea,16,0.750517
14,12,1,qiea,17,0.750371
14,12,1,qiea,18,0.750517
14,12,1,qiea,19,0.748416
14,12,1,cobyla,0,0.750649
14,12,1,cobyla,1,0.750649
14,12,1,cobyla,2,0.750649
14,12,1,cobyla,3,0.750649
14,12,1,cobyla,4,0.750649
14,12,1,cobyla,5,0.750649
14,12,1,cobyla,6,0.750649
14,12,1,cobyla,7,0.750649
14,12,1,cobyla,8,0.750649
14,12,1,cobyla,9,0.750649
14,12,1,cobyla,10,0.750649
14,12,1,cobyla,11,0.750649
14,12,1,cobyla,12,0.5625
14,12,1,cobyla,13,0.750649
14,12,1,cobyla,14,0.750649
14,12,1,cobyla,15,0.750649
14,12,1,cobyla,16,0.750649
14,12,1,cobyla,17,0.750649
14,12,1,cobyla,18,0.750649
14,12,1,cobyla,19,0.750649
14,12,1,random,0,0.74978
14,12,1,random,1,0.750567
14,12,1,random,2,0.750214
14,12,1,random,3,0.750369
14,12,1,random,4,0.749788
14,12,1,random,5,0.749984
14,12,1,random,6,0.750594
14,12,1,random,7,0.750414
14,12,1,random,8,0.750411
14,12,1,random,9,0.74985
14,12,1,random,10,0.750589
14,12,1,random,11,0.750609
14,12,1,random,12,0.75048
14,12,1,random,13,0.750634
14,12,1,random,14,0.750581
14,12,1,random,15,0.749519
14,12,1,random,16,0.750539
14,12,1,random,17,0.750559
14,12,1,random,18,0.75052
14,12,1,random,19,0.750515
14,12,1,cobyla_restart,0,0.750649
14,12,1,cobyla_restart,1,0.750649
14,12,1,cobyla_restart,2,0.750649
14,12,1,cobyla_restart,3,0.750649
14,12,1,cobyla_restart,4,0.750649
14,12,1,cobyla_restart,5,0.750649
14,12,1,cobyla_restart,6,0.750649
14,12,1,cobyla_restart,7,0.750649
14,12,1,cobyla_restart,8,0.750649
14,12,1,cobyla_restart,9,0.750649
14,12,1,cobyla_restart,10,0.750649
14,12,1,cobyla_restart,11,0.750649
14,12,1,cobyla_restart,12,0.750649
14,12,1,cobyla_restart,13,0.750649
14,12,1,cobyla_restart,14,0.750649
14,12,1,cobyla_restart,15,0.750649
14,12,1,cobyla_restart,16,0.750649
14,12,1,cobyla_restart,17,0.750649
14,12,1,cobyla_restart,18,0.750649
14,12,1,cobyla_restart,19,0.750649
14,12,2,qiea,0,0.823364
14,12,2,qiea,1,0.817921
14,12,2,qiea,2,0.811066
14,12,2,qiea,3,0.82505
14,12,2,qiea,4,0.818909
14,12,2,qiea,5,0.818982
14,12,2,qiea,6,0.821976
14,12,2,qiea,7,0.819263
14,12,2,qiea,8,0.794151
14,12,2,qiea,9,0.795857
14,12,2,qiea,10,0.825235
14,12,2,qiea,11,0.802476
14,12,2,qiea,12,0.798282
14,12,2,qiea,13,0.819863
14,12,2,qiea,14,0.801897
14,12,2,qiea,15,0.796807
14,12,2,qiea,16,0.795311
14,12,2,qiea,17,0.819074
14,12,2,qiea,18,0.814544
14,12,2,qiea,19,0.81984
14,12,2,cobyla,0,0.802173
14,12,2,cobyla,1,0.819989
14,12,2,cobyla,2,0.825481
14,12,2,cobyla,3,0.802173
14,12,2,cobyla,4,0.825481
14,12,2,cobyla,5,0.802173
14,12,2,cobyla,6,0.802173
14,12,2,cobyla,7,0.819989
14,12,2,cobyla,8,0.819989
14,12,2,cobyla,9,0.802173
14,12,2,cobyla,10,0.825481
14,12,2,cobyla,11,0.825481
14,12,2,cobyla,12,0.819989
14,12,2,cobyla,13,0.825481
14,12,2,cobyla,14,0.819989
14,12,2,cobyla,15,0.819989
14,12,2,cobyla,16,0.825481
14,12,2,cobyla,17,0.802173
14,12,2,cobyla,18,0.819989
14,12,2,cobyla,19,0.819989
14,12,2,random,0,0.811555
14,12,2,random,1,0.81517
14,12,2,random,2,0.812984
14,12,2,random,3,0.823346
14,12,2,random,4,0.810718
14,12,2,random,5,0.815523
14,12,2,random,6,0.815266
14,12,2,random,7,0.804378
14,12,2,random,8,0.809113
14,12,2,random,9,0.813574
14,12,2,random,10,0.804069
14,12,2,random,11,0.804945
14,12,2,random,12,0.811569
14,12,2,random,13,0.819834
14,12,2,random,14,0.810247
14,12,2,random,15,0.812419
14,12,2,random,16,0.815146
14,12,2,random,17,0.807202
14,12,2,random,18,0.807528
14,12,2,random,19,0.806755
14,12,2,cobyla_restart,0,0.825481
14,12,2,cobyla_restart,1,0.825481
14,12,2,cobyla_restart,2,0.825481
14,12,2,cobyla_restart,3,0.825481
14,12,2,cobyla_restart,4,0.825481
14,12,2,cobyla_restart,5,0.825481
14,12,2,cobyla_restart,6,0.825481
14,12,2,cobyla_restart,7,0.825481
14,12,2,cobyla_restart,8,0.825481
14,12,2,cobyla_restart,9,0.825481
14,12,2,cobyla_restart,10,0.825481
14,12,2,cobyla_restart,11,0.825481
14,12,2,cobyla_restart,12,0.825481
14,12,2,cobyla_restart,13,0.825481
14,12,2,cobyla_restart,14,0.825481
14,12,2,cobyla_restart,15,0.825481
14,12,2,cobyla_restart,16,0.825481
14,12,2,cobyla_restart,17,0.825481
14,12,2,cobyla_restart,18,0.825481
14,12,2,cobyla_restart,19,0.825481
